,,,"Percentage of 18-64 population who see good opportunities to start a firm in the area where they live","Percentage of 18-64 population who believe they have the required skills and knowledge to start a business","Percentage of the 18â€“64 population who agree that they see good opportunities but would not start a business for fear it might fail. NOTE: this is a percentage of those seeing good opportunities, and not the total adult population","Percentage of 18-64 population (individuals involved in any stage of entrepreneurial activity excluded) who are latent entrepreneurs and who intend to start a business within three years","Percentage of 18-64 population who are currently an owner-manager of an established business, i.e., owning and managing a running business that has paid salaries, wages, or any other payments to the owners for more than 42 months","Rate of involvement of employees in entrepreneurial activities, such as developing or launching new goods or services, or setting up a new business unit, a new establishment or subsidiary","Percentage of those involved in TEA that are improvement-driven opportunity motivated, divided by the percentage of TEA that is necessity-motivated","Percentage of female 18-64 population who are either a nascent entrepreneur or owner-manager of a new business, divided by the equivalent percentage for their male counterparts","Percentage of those females involved in TEA who (i) claim to be driven by opportunity as opposed to finding no other option for work; and (ii) who indicate the main driver for being involved in this opportunity is being independent or increasing their income, rather than just maintaining their income, divided by the equivalent percentage for their male counterparts","Percentage of those involved in TEA who indicate that their product or service is new to at least some customers AND that few/no businesses offer the same product"
code,economy,year,"Perceived opportunities","Perceived capabilities","Fear of failure rate *","Entrepreneurial intentions","Established Business Ownership","Entrepreneurial Employee Activity","Motivational Index","Female/Male TEA","Female/Male Opportunity-Driven TEA",Innovation
1,"United States",2023,53.81,48.99,44.55,12.09,6.74,,,0.84,,
27,"South Africa",2023,64.10,69.21,59.51,7.45,5.92,,,0.76,,
30,Greece,2023,45.29,53.76,53.16,9.10,14.70,,,0.79,,
31,Netherlands,2023,67.37,46.01,40.29,16.02,6.92,,,0.80,,
33,France,2023,50.86,49.51,40.08,13.41,4.56,,,0.72,,
34,Spain,2023,30.65,53.18,46.22,9.63,6.73,,,0.81,,
36,Hungary,2023,28.22,38.29,34.41,8.16,7.38,,,0.56,,
39,Italy,2023,33.75,50.85,48.48,10.39,7.75,,,0.61,,
40,Romania,2023,55.67,52.62,58.07,5.79,5.09,,,0.71,,
41,Switzerland,2023,52.49,44.89,36.35,9.96,5.83,,,0.90,,
44,"United Kingdom",2023,47.18,52.83,53.20,11.16,6.26,,,0.78,,
46,Sweden,2023,68.96,47.19,43.41,10.72,5.46,,,0.65,,
47,Norway,2023,68.00,54.56,43.06,9.34,7.56,,,0.56,,
48,Poland,2023,73.64,48.04,52.25,2.60,11.64,,,0.85,,
49,Germany,2023,41.43,42.15,38.62,7.68,4.10,,,0.64,,
52,Mexico,2023,61.52,69.19,46.11,24.55,3.17,,,0.91,,
55,Brazil,2023,65.37,65.89,46.90,48.71,11.87,,,0.64,,
56,Chile,2023,59.42,75.67,40.92,53.11,5.29,,,0.94,,
57,Colombia,2023,59.96,72.24,34.93,18.52,3.35,,,1.26,,
58,Venezuela,2023,65.83,84.07,30.28,49.58,4.47,,,0.89,,
66,Thailand,2023,79.43,76.48,48.00,30.15,11.80,,,1.08,,
82,"South Korea",2023,37.87,55.42,26.77,24.88,19.71,,,0.61,,
86,China,2023,69.21,55.77,64.54,5.58,4.17,,,1.16,,
91,India,2023,82.51,81.60,62.82,19.47,12.43,,,0.64,,
98,Iran,2023,26.54,60.94,23.79,17.65,9.84,,,0.82,,
101,Canada,2023,62.57,56.66,54.61,14.26,7.77,,,0.63,,
212,Morocco,2023,70.73,68.17,32.62,23.44,6.84,,,0.56,,
352,Luxembourg,2023,49.31,50.21,47.29,12.61,4.20,,,0.82,,
357,Cyprus,2023,39.81,60.54,53.28,21.28,8.16,,,0.52,,
370,Lithuania,2023,61.24,57.14,34.62,11.71,14.55,,,1.19,,
371,Latvia,2023,42.99,52.39,46.96,17.91,10.66,,,0.74,,
372,Estonia,2023,49.48,46.82,40.86,14.89,7.88,,,0.61,,
385,Croatia,2023,64.09,73.60,45.90,21.64,5.19,,,0.60,,
386,Slovenia,2023,50.23,62.84,44.23,15.40,8.84,,,0.55,,
421,Slovakia,2023,32.86,50.74,48.13,9.87,3.97,,,0.71,,
502,Guatemala,2023,71.85,78.89,41.28,44.16,13.20,,,0.80,,
507,Panama,2023,52.46,76.59,41.38,43.92,5.08,,,0.84,,
593,Ecuador,2023,54.28,75.15,31.73,57.42,23.98,,,1.04,,
598,Uruguay,2023,58.26,69.83,51.68,35.80,7.32,,,0.83,,
787,"Puerto Rico",2023,63.32,71.39,42.69,26.96,6.02,,,0.80,,
962,Jordan,2023,47.65,73.22,52.13,46.97,7.20,,,0.54,,
966,"Saudi Arabia",2023,93.21,90.82,60.81,38.47,13.59,,,0.85,,
968,Oman,2023,68.74,72.87,38.05,66.05,3.18,,,0.63,,
972,Israel,2023,47.15,36.86,40.85,15.14,3.49,,,0.78,,
974,Qatar,2023,68.68,68.02,42.67,47.40,4.41,,,0.95,,
1,"United States",2022,46.01,66.80,43.06,13.58,9.18,,,0.89,,
20,Egypt,2022,63.71,62.76,50.64,47.26,2.60,,,0.39,,
27,"South Africa",2022,61.31,63.73,59.44,5.98,1.84,,,0.86,,
30,Greece,2022,36.35,53.77,49.47,8.28,13.34,,,0.55,,
31,Netherlands,2022,61.62,42.19,33.76,16.20,6.80,,,0.62,,
33,France,2022,52.36,49.77,40.97,15.75,2.94,,,0.65,,
34,Spain,2022,26.03,46.52,50.85,8.27,7.01,,,0.99,,
36,Hungary,2022,27.23,36.83,34.01,8.69,6.94,,,0.66,,
40,Romania,2022,63.75,62.68,55.69,6.38,8.61,,,0.66,,
41,Switzerland,2022,46.95,47.56,32.28,10.50,8.23,,,0.76,,
43,Austria,2022,49.49,53.19,37.90,5.42,8.34,,,0.82,,
44,"United Kingdom",2022,44.35,53.49,52.89,10.87,6.84,,,0.71,,
46,Sweden,2022,76.72,49.42,41.47,13.66,4.79,,,0.65,,
47,Norway,2022,73.56,49.22,41.02,5.47,5.56,,,0.55,,
48,Poland,2022,72.26,47.79,53.14,2.50,9.79,,,1.08,,
49,Germany,2022,39.52,36.18,44.27,6.48,3.58,,,0.65,,
52,Mexico,2022,56.36,67.11,45.48,17.51,1.58,,,0.88,,
55,Brazil,2022,67.87,69.16,48.95,53.00,10.37,,,0.75,,
56,Chile,2022,50.50,70.09,44.90,46.09,7.32,,,0.87,,
57,Colombia,2022,53.44,66.56,38.49,21.23,5.06,,,0.87,,
58,Venezuela,2022,63.69,83.24,33.40,29.43,2.57,,,0.89,,
62,Indonesia,2022,87.23,75.45,36.81,33.26,5.69,,,1.30,,
81,Japan,2022,12.70,14.89,50.94,5.05,6.34,,,0.39,,
82,"South Korea",2022,41.03,54.81,18.29,23.88,19.90,,,0.56,,
86,China,2022,56.48,54.36,56.69,6.39,3.18,,,0.72,,
91,India,2022,75.45,78.08,53.97,20.08,9.04,,,0.98,,
98,Iran,2022,51.29,54.23,30.92,27.45,10.77,,,0.70,,
101,Canada,2022,58.84,55.40,51.76,14.21,6.21,,,0.81,,
212,Morocco,2022,62.49,63.33,44.44,37.25,4.12,,,0.58,,
216,Tunisia,2022,61.80,78.62,42.59,50.67,10.04,,,0.75,,
228,Togo,2022,77.16,87.51,40.58,52.28,17.97,,,1.12,,
352,Luxembourg,2022,52.38,50.04,44.13,14.04,5.28,,,0.63,,
357,Cyprus,2022,26.78,52.66,51.74,18.30,5.73,,,0.42,,
370,Lithuania,2022,40.38,49.78,46.22,15.10,8.28,,,0.54,,
371,Latvia,2022,34.56,53.88,36.73,17.62,12.34,,,0.60,,
381,Serbia,2022,37.76,66.13,41.34,12.41,2.94,,,0.43,,
385,Croatia,2022,60.02,73.61,48.58,19.54,3.40,,,0.56,,
386,Slovenia,2022,54.96,62.81,50.21,15.31,8.09,,,0.55,,
421,Slovakia,2022,29.37,42.85,42.90,8.56,6.56,,,0.80,,
502,Guatemala,2022,68.27,77.53,43.19,46.54,11.55,,,0.92,,
507,Panama,2022,53.38,76.66,48.26,53.01,5.84,,,0.79,,
598,Uruguay,2022,58.20,69.13,46.66,32.69,6.36,,,0.83,,
787,"Puerto Rico",2022,64.08,68.88,45.18,26.29,5.61,,,0.80,,
886,Taiwan,2022,46.81,39.94,42.91,15.15,9.02,,,0.62,,
966,"Saudi Arabia",2022,89.50,88.13,63.34,31.75,9.73,,,0.74,,
968,Oman,2022,75.66,57.63,33.25,44.30,4.08,,,0.98,,
971,"United Arab Emirates",2022,72.16,71.66,39.18,44.46,4.53,,,0.71,,
972,Israel,2022,46.75,35.41,44.04,12.31,3.45,,,0.67,,
974,Qatar,2022,80.97,64.05,43.00,43.61,3.86,,,1.04,,
1,"United States",2021,63.15,64.55,42.56,14.84,8.85,5.73,,0.85,,
7,Russia,2021,33.50,34.51,48.24,9.68,3.42,0.05,,0.65,,
20,Egypt,2021,73.24,65.79,53.03,55.29,3.56,,,0.45,,
27,"South Africa",2021,57.88,69.69,53.03,19.96,5.17,2.07,,0.86,,
30,Greece,2021,48.63,53.10,51.46,9.58,14.68,2.57,,0.71,,
31,Netherlands,2021,69.93,45.41,36.83,17.58,6.37,3.63,,0.84,,
33,France,2021,52.13,48.61,44.08,14.46,3.56,3.69,,0.84,,
34,Spain,2021,30.02,49.75,51.03,7.73,7.17,2.94,,1.04,,
36,Hungary,2021,36.54,36.00,33.72,8.07,8.36,3.54,,0.62,,
39,Italy,2021,34.67,44.70,45.28,9.36,4.47,5.41,,0.56,,
40,Romania,2021,49.13,50.02,48.25,9.72,4.10,2.52,,0.98,,
41,Switzerland,2021,54.71,49.57,30.43,13.40,7.10,9.07,,0.59,,
44,"United Kingdom",2021,61.22,51.05,51.84,9.28,5.29,4.16,,0.77,,
46,Sweden,2021,79.61,49.90,43.64,13.10,4.29,5.66,,0.51,,
47,Norway,2021,74.31,41.95,38.25,4.89,3.53,1.79,,0.40,,
48,Poland,2021,72.54,60.13,43.48,2.85,11.06,1.06,,0.70,,
49,Germany,2021,48.17,37.13,37.93,5.76,4.95,3.86,,0.63,,
55,Brazil,2021,54.80,66.72,45.06,53.00,9.95,6.11,,0.80,,
56,Chile,2021,59.75,70.72,46.78,50.29,7.13,5.63,,0.73,,
57,Colombia,2021,38.11,56.24,48.70,20.87,1.83,0.55,,0.81,,
81,Japan,2021,11.74,12.26,47.86,3.15,4.80,1.87,,0.48,,
82,"South Korea",2021,43.99,53.95,14.72,26.72,16.38,2.99,,0.67,,
90,Turkey,2021,31.90,59.27,39.84,31.30,11.01,2.56,,0.49,,
91,India,2021,83.41,85.99,54.14,18.14,8.51,1.36,,0.75,,
98,Iran,2021,17.87,66.44,20.23,26.44,8.79,2.97,,0.69,,
101,Canada,2021,70.50,58.93,53.84,13.43,8.15,4.85,,0.65,,
212,Morocco,2021,64.13,61.48,35.47,43.34,4.91,,,1.07,,
249,Sudan,2021,72.13,88.12,40.49,43.66,8.14,3.22,,0.65,,
352,Luxembourg,2021,54.07,52.91,43.04,13.17,3.58,5.22,,0.55,,
353,Ireland,2021,57.29,57.78,49.86,15.19,6.94,6.79,,0.83,,
357,Cyprus,2021,50.17,64.05,50.08,15.06,8.60,0.85,,0.57,,
358,Finland,2021,61.04,42.75,44.53,9.74,8.88,7.41,,0.68,,
371,Latvia,2021,39.64,53.33,37.33,17.94,9.91,4.67,,0.66,,
375,Belarus,2021,25.02,51.96,56.01,24.06,5.54,2.97,,0.91,,
385,Croatia,2021,58.33,71.07,45.58,21.68,4.03,7.09,,0.59,,
386,Slovenia,2021,51.49,58.54,42.97,15.38,8.49,7.16,,0.85,,
421,Slovakia,2021,33.39,41.76,46.04,5.29,6.48,0.89,,0.64,,
502,Guatemala,2021,69.11,76.33,41.45,44.95,12.68,2.06,,0.73,,
507,Panama,2021,46.30,69.76,45.55,44.06,3.74,2.77,,0.87,,
598,Uruguay,2021,58.44,69.79,48.23,32.96,4.10,2.21,,0.78,,
701,Kazakhstan,2021,51.35,65.42,12.08,55.34,12.10,2.87,,1.15,,
809,"Dominican Republic",2021,74.36,88.68,36.71,54.79,3.84,4.47,,1.09,,
966,"Saudi Arabia",2021,95.38,90.51,53.61,18.02,5.33,0.21,,0.95,,
968,Oman,2021,67.70,59.17,24.63,53.19,2.84,,,0.88,,
971,"United Arab Emirates",2021,73.47,65.12,49.72,35.86,6.40,9.57,,0.41,,
972,Israel,2021,45.83,37.54,46.59,17.48,3.34,6.69,,0.84,,
974,Qatar,2021,73.79,70.91,38.18,50.37,6.07,6.78,,0.61,,
1,"United States",2020,48.60,64.00,41.20,12.50,9.90,5.30,,0.80,,
7,Russia,2020,33.40,34.50,46.50,8.30,4.70,0.40,,0.70,,
20,Egypt,2020,65.70,56.10,41.60,55.70,5.20,0.30,,0.30,,
30,Greece,2020,27.90,53.20,53.10,11.30,14.60,2.50,,0.60,,
31,Netherlands,2020,48.80,43.60,38.20,13.10,7.00,1.70,,0.70,,
34,Spain,2020,16.50,51.90,53.60,6.80,6.70,1.30,,0.90,,
39,Italy,2020,62.20,60.80,28.40,4.50,2.20,1.10,,0.30,,
41,Switzerland,2020,26.70,44.50,33.40,7.30,6.70,7.30,,0.90,,
43,Austria,2020,31.20,53.30,36.80,4.10,7.80,7.00,,0.80,,
44,"United Kingdom",2020,27.30,54.50,48.30,8.20,6.50,6.50,,0.70,,
46,Sweden,2020,62.50,52.10,42.80,8.30,6.00,6.10,,0.50,,
47,Norway,2020,57.00,41.60,27.40,5.60,4.10,4.90,,0.50,,
48,Poland,2020,51.60,60.00,41.20,4.70,12.20,1.40,,0.60,,
49,Germany,2020,36.00,47.60,31.00,10.70,6.20,5.90,,0.90,,
55,Brazil,2020,57.30,67.80,43.40,52.70,8.70,7.90,,0.80,,
56,Chile,2020,46.70,71.70,46.20,50.60,6.00,5.20,,0.70,,
57,Colombia,2020,47.90,64.80,39.50,33.90,5.50,4.30,,0.90,,
62,Indonesia,2020,80.60,79.00,23.50,26.00,11.40,1.50,,1.10,,
82,"South Korea",2020,44.60,53.00,13.80,25.90,16.10,3.20,,0.70,,
91,India,2020,82.50,81.70,56.80,20.30,5.90,0.30,,0.30,,
98,Iran,2020,13.30,64.90,17.70,23.90,14.50,0.80,,0.50,,
101,Canada,2020,49.10,55.60,52.00,11.10,7.30,5.60,,0.80,,
212,Morocco,2020,57.30,63.40,38.70,48.70,6.80,1.50,,0.50,,
226,"Burkina Faso",2020,75.50,84.10,49.10,51.90,12.40,1.60,,0.90,,
228,Togo,2020,78.50,91.90,44.20,48.30,17.80,2.70,,1.20,,
244,Angola,2020,75.60,82.30,34.80,83.00,9.20,3.00,,1.10,,
352,Luxembourg,2020,41.90,45.70,42.30,11.10,3.60,4.50,,0.50,,
357,Cyprus,2020,21.10,58.10,49.10,20.50,7.30,6.40,,0.60,,
371,Latvia,2020,37.10,55.30,41.60,17.20,11.10,3.50,,0.60,,
385,Croatia,2020,47.20,75.00,52.10,24.30,4.20,7.70,,0.60,,
386,Slovenia,2020,42.00,59.40,43.80,11.90,7.00,6.50,,0.70,,
421,Slovakia,2020,40.90,56.40,48.70,13.80,6.50,3.40,,0.50,,
502,Guatemala,2020,62.60,74.40,40.00,49.70,12.30,1.90,,0.80,,
507,Panama,2020,47.20,72.70,39.80,46.10,4.10,4.30,,0.80,,
598,Uruguay,2020,47.30,65.60,48.80,33.00,5.10,0.30,,0.80,,
701,Kazakhstan,2020,44.80,63.70,17.50,59.40,4.30,1.60,,1.10,,
886,Taiwan,2020,39.30,44.80,42.60,15.50,11.10,2.50,,0.80,,
965,Kuwait,2020,62.60,63.40,47.80,57.50,5.90,6.10,,0.80,,
966,"Saudi Arabia",2020,90.50,86.40,51.60,25.00,5.10,0.90,,1.00,,
968,Oman,2020,83.80,64.50,42.80,56.50,2.50,1.10,,1.20,,
971,"United Arab Emirates",2020,62.10,54.70,47.10,29.30,2.50,1.90,,0.70,,
972,Israel,2020,25.00,37.70,45.00,19.70,4.20,6.30,,0.60,,
974,Qatar,2020,72.30,68.20,41.30,45.60,6.10,5.40,,0.70,,
1,"United States",2019,67.24,65.51,35.10,13.68,10.59,6.47,,0.91,,
7,Russia,2019,29.60,35.62,45.16,9.84,5.09,0.55,,0.85,,
20,Egypt,2019,73.53,67.26,54.79,61.58,1.50,0.23,,0.44,,
27,"South Africa",2019,60.41,60.35,49.79,11.90,3.51,0.37,,0.89,,
30,Greece,2019,49.86,51.64,40.62,12.43,14.33,1.87,,0.87,,
31,Netherlands,2019,64.58,41.92,27.13,9.18,10.81,5.99,,0.80,,
34,Spain,2019,36.13,50.82,48.21,7.41,6.31,1.73,,0.94,,
39,Italy,2019,45.14,48.09,27.64,5.37,4.72,0.72,,0.60,,
41,Switzerland,2019,40.66,49.15,23.87,10.74,11.60,5.35,,0.59,,
44,"United Kingdom",2019,43.84,55.18,44.49,7.62,8.18,8.08,,0.60,,
46,Sweden,2019,79.79,50.69,42.92,10.93,4.88,5.24,,0.55,,
47,Norway,2019,69.49,31.52,30.24,5.74,5.61,2.64,,0.44,,
48,Poland,2019,87.28,50.41,45.86,6.00,12.76,1.68,,0.90,,
49,Germany,2019,52.18,45.79,29.68,9.12,5.20,6.26,,0.60,,
52,Mexico,2019,62.81,70.68,47.74,16.30,1.82,0.15,,0.91,,
55,Brazil,2019,46.37,61.99,35.57,30.17,16.16,0.62,,0.98,,
56,Chile,2019,47.62,75.54,58.07,57.57,10.61,3.64,,0.79,,
57,Colombia,2019,46.68,72.37,32.69,35.47,4.27,0.91,,0.88,,
61,Australia,2019,45.74,56.04,47.37,13.02,6.53,8.28,,0.72,,
81,Japan,2019,10.56,13.98,43.51,4.34,6.95,1.90,,0.37,,
82,"South Korea",2019,42.89,51.70,7.14,25.65,13.03,1.35,,0.62,,
86,China,2019,74.86,67.35,44.65,21.42,9.33,0.16,,0.84,,
91,India,2019,83.10,85.20,62.37,33.30,11.92,0.17,,0.75,,
92,Pakistan,2019,62.30,63.02,54.16,27.90,4.72,0.51,,0.30,,
98,Iran,2019,47.68,68.88,36.20,37.85,10.15,2.01,,0.63,,
101,Canada,2019,67.08,56.80,47.17,11.86,7.44,5.40,,0.71,,
212,Morocco,2019,57.66,62.37,42.52,41.93,7.89,0.32,,0.51,,
261,Madagascar,2019,46.78,73.46,41.01,44.45,20.17,0.57,,1.02,,
351,Portugal,2019,53.52,61.43,52.59,19.78,10.96,4.13,,0.62,,
352,Luxembourg,2019,58.01,48.49,45.65,12.92,4.65,6.65,,0.69,,
353,Ireland,2019,50.22,42.00,31.39,14.59,6.58,7.47,,0.57,,
357,Cyprus,2019,38.52,58.16,36.40,21.20,10.10,6.21,,0.57,,
371,Latvia,2019,35.55,56.97,46.59,23.24,12.91,4.33,,0.58,,
374,Armenia,2019,53.89,70.00,48.22,32.20,7.84,0.59,,0.64,,
375,Belarus,2019,29.52,42.34,37.96,6.59,2.72,0.49,,0.82,,
385,Croatia,2019,55.66,71.19,50.66,20.57,3.57,5.93,,0.61,,
386,Slovenia,2019,47.59,57.46,42.23,14.98,8.45,7.00,,0.56,,
389,"North Macedonia",2019,50.49,60.87,47.22,20.28,8.00,1.63,,0.36,,
421,Slovakia,2019,36.04,53.05,43.71,13.62,5.88,3.10,,0.63,,
502,Guatemala,2019,67.25,77.42,39.64,52.21,14.80,1.42,,0.80,,
507,Panama,2019,53.37,72.90,40.77,40.77,4.66,0.39,,0.74,,
593,Ecuador,2019,55.85,78.28,35.11,42.50,14.69,1.29,,0.86,,
787,"Puerto Rico",2019,39.43,55.70,33.19,23.93,1.25,2.10,,0.74,,
886,Taiwan,2019,41.16,41.97,31.03,14.37,12.75,2.30,,0.67,,
962,Jordan,2019,40.57,61.72,54.35,29.05,6.55,0.69,,0.59,,
966,"Saudi Arabia",2019,73.80,83.00,41.78,32.32,5.35,3.19,,1.09,,
968,Oman,2019,72.31,56.32,40.78,62.91,2.00,1.17,,0.72,,
971,"United Arab Emirates",2019,66.10,62.16,41.73,38.50,6.96,8.24,,0.70,,
972,Israel,2019,46.00,43.34,55.36,21.20,5.45,5.75,,0.69,,
974,Qatar,2019,75.59,75.47,45.17,45.25,2.96,3.60,,1.00,,
1,"United States",2018,69.83,55.62,35.21,12.15,7.87,7.96,6.94,0.77,0.92,33.99
7,Russia,2018,22.81,27.46,46.42,2.20,4.90,0.67,0.79,0.53,0.64,8.09
20,Egypt,2018,39.31,42.96,28.24,59.78,4.53,2.09,0.55,0.38,0.93,27.52
30,Greece,2018,19.22,46.39,57.76,7.47,10.81,1.76,3.05,0.45,0.78,28.44
31,Netherlands,2018,66.73,46.08,34.74,7.71,11.96,7.87,7.76,0.51,1.04,23.83
33,France,2018,34.95,37.46,37.08,18.60,2.52,4.33,2.85,0.75,0.86,28.07
34,Spain,2018,29.09,48.46,36.19,6.20,6.05,1.71,1.94,0.89,0.87,22.33
39,Italy,2018,34.57,29.77,51.67,8.96,6.37,3.16,2.73,0.51,0.96,24.27
41,Switzerland,2018,45.48,36.26,39.85,6.93,11.50,6.28,9.15,0.47,0.99,31.68
43,Austria,2018,46.78,48.33,36.73,11.76,6.46,6.43,2.39,0.57,1.04,37.02
44,"United Kingdom",2018,44.02,46.63,37.66,7.18,6.38,7.25,3.74,0.49,0.94,21.63
46,Sweden,2018,81.56,38.42,37.24,9.55,5.28,6.78,4.40,0.42,1.13,33.71
48,Poland,2018,68.48,46.60,31.06,9.48,12.99,1.87,6.60,0.74,1.08,12.17
49,Germany,2018,42.11,38.31,35.06,5.85,7.54,5.21,3.17,0.50,1.00,30.53
51,Peru,2018,55.99,71.80,30.15,39.70,8.37,1.53,2.30,0.88,1.00,21.90
54,Argentina,2018,35.89,48.79,31.92,14.83,9.05,1.46,1.35,0.81,0.78,32.17
55,Brazil,2018,31.43,54.27,32.61,26.05,20.25,0.66,1.34,0.93,0.82,3.71
56,Chile,2018,61.78,62.52,28.58,48.67,8.54,4.21,2.52,0.73,0.83,47.58
57,Colombia,2018,57.48,66.40,23.10,48.84,6.50,1.96,3.57,0.72,0.95,16.07
62,Indonesia,2018,54.93,64.01,34.12,21.17,11.78,1.32,1.75,1.01,0.94,15.36
66,Thailand,2018,50.11,50.98,58.92,31.51,19.58,2.39,3.56,0.96,0.99,17.80
81,Japan,2018,8.09,10.05,46.41,4.98,6.20,2.17,1.94,0.60,0.86,27.74
82,"South Korea",2018,45.68,49.68,32.82,30.99,12.48,3.55,3.20,0.72,1.00,29.94
86,China,2018,35.07,24.15,41.70,15.28,3.16,1.00,0.92,0.82,1.05,33.06
90,Turkey,2018,44.31,56.84,28.10,29.73,8.65,3.16,1.73,0.42,1.04,30.80
91,India,2018,49.83,52.22,50.06,20.64,6.96,0.81,0.55,0.62,0.89,46.88
98,Iran,2018,22.32,53.11,30.40,34.97,12.28,0.88,1.27,0.50,1.10,17.23
101,Canada,2018,62.98,55.86,42.32,14.45,7.50,8.59,3.26,0.83,1.10,41.30
212,Morocco,2018,33.58,29.54,64.15,39.79,4.20,4.83,1.32,0.46,1.09,14.88
244,Angola,2018,74.02,75.65,16.63,79.83,15.16,3.15,0.94,0.99,0.70,17.80
249,Sudan,2018,70.98,74.52,34.49,66.65,10.19,4.29,1.68,0.62,0.75,13.37
261,Madagascar,2018,30.56,51.45,36.62,32.63,22.39,0.64,1.36,1.04,0.92,13.38
352,Luxembourg,2018,55.00,43.91,47.23,14.70,3.39,7.05,4.65,0.68,1.05,47.94
353,Ireland,2018,51.65,45.56,39.32,15.41,6.83,8.57,2.23,0.63,1.03,35.75
357,Cyprus,2018,45.89,45.89,48.45,15.26,6.09,5.35,5.72,0.60,1.04,38.63
359,Bulgaria,2018,19.25,36.88,30.98,3.91,8.35,0.40,0.96,0.87,0.88,14.89
385,Croatia,2018,33.13,52.32,30.32,18.62,4.15,5.28,1.37,0.59,0.94,24.59
386,Slovenia,2018,42.17,50.97,31.99,15.28,6.84,5.91,1.96,0.43,0.86,25.54
421,Slovakia,2018,37.41,53.29,29.38,13.70,4.58,4.37,1.84,0.59,0.96,21.96
502,Guatemala,2018,54.63,65.16,30.33,49.69,11.15,1.96,1.22,0.80,0.83,39.16
507,Panama,2018,39.04,42.13,19.38,18.90,6.39,,5.42,1.01,0.99,10.47
598,Uruguay,2018,28.89,58.97,27.39,24.21,5.58,3.47,1.36,0.64,0.86,25.28
787,"Puerto Rico",2018,35.21,47.54,20.74,22.87,1.85,1.85,1.73,0.55,0.86,26.06
886,Taiwan,2018,26.74,28.18,41.41,24.08,13.91,4.18,2.32,0.87,1.00,18.76
961,Lebanon,2018,42.01,68.08,22.39,29.10,21.61,1.65,1.31,0.56,1.02,41.89
966,"Saudi Arabia",2018,76.30,83.42,43.63,26.77,3.11,2.82,1.49,0.58,0.81,23.26
971,"United Arab Emirates",2018,66.50,53.62,24.29,38.15,2.56,6.32,2.48,0.92,1.00,28.24
972,Israel,2018,56.23,41.48,47.47,26.20,4.20,7.21,3.30,0.70,1.10,32.90
974,Qatar,2018,54.16,52.32,32.61,29.07,4.22,6.32,3.39,0.98,1.08,26.95
1,"United States",2017,63.59,54.31,33.36,14.54,7.75,7.59,7.21,0.64,1.04,35.93
20,Egypt,2017,43.51,46.60,30.20,55.45,5.69,2.18,0.63,0.40,0.69,25.26
27,"South Africa",2017,43.17,39.93,31.31,11.72,2.15,0.45,1.46,0.69,0.80,29.66
30,Greece,2017,13.74,43.40,55.45,7.12,12.42,0.88,1.83,0.68,1.05,26.42
31,Netherlands,2017,64.09,44.61,29.67,8.11,8.63,7.61,10.04,0.89,0.94,22.52
33,France,2017,34.13,36.31,39.07,17.62,3.58,3.87,2.99,0.44,0.69,48.63
34,Spain,2017,31.86,44.80,39.16,5.55,7.05,1.35,1.70,0.82,0.84,25.01
39,Italy,2017,28.78,30.39,49.43,10.25,5.95,2.41,2.52,0.38,0.78,28.22
41,Switzerland,2017,47.16,42.09,29.45,10.47,10.51,4.76,4.86,0.53,0.82,24.93
44,"United Kingdom",2017,42.98,48.21,35.85,7.27,6.67,7.98,4.47,0.46,1.04,27.06
46,Sweden,2017,79.49,34.50,36.70,8.08,4.17,6.20,5.95,0.65,0.97,29.05
48,Poland,2017,68.83,52.36,34.35,9.69,9.76,3.20,7.52,0.78,1.01,12.08
49,Germany,2017,41.96,37.45,36.31,7.22,6.05,5.67,5.42,0.59,0.96,23.74
51,Peru,2017,55.77,67.55,30.72,43.21,7.44,0.85,3.74,0.87,0.92,17.80
52,Mexico,2017,36.38,50.07,28.40,13.20,1.40,1.00,2.14,0.64,0.95,31.71
54,Argentina,2017,29.65,43.08,37.77,13.36,6.71,0.58,2.46,0.83,0.94,13.98
55,Brazil,2017,46.42,55.89,39.82,15.25,16.50,0.74,1.16,1.04,0.81,13.91
56,Chile,2017,55.53,61.83,29.37,45.78,9.94,4.46,2.32,0.70,0.84,54.01
57,Colombia,2017,52.40,68.50,26.11,52.48,8.67,1.76,2.96,0.95,0.95,14.87
60,Malaysia,2017,45.06,46.12,44.95,17.61,3.82,1.40,9.22,0.87,1.02,29.33
61,Australia,2017,51.39,49.30,41.37,13.19,9.01,7.81,3.75,0.60,0.92,28.51
62,Indonesia,2017,47.74,57.34,46.66,28.14,10.38,1.82,1.72,0.69,0.79,11.58
66,Thailand,2017,49.13,48.86,52.69,37.36,15.18,4.49,7.90,0.86,0.98,29.29
81,Japan,2017,7.41,10.77,41.21,3.67,6.34,2.76,3.35,0.44,1.02,24.68
82,"South Korea",2017,35.30,45.68,32.16,22.79,11.37,1.91,2.93,0.66,1.05,26.35
84,Vietnam,2017,46.41,53.03,46.63,24.96,24.66,0.60,4.60,1.14,0.94,13.86
86,China,2017,35.21,27.24,41.46,15.29,6.83,1.36,1.00,0.87,1.09,25.51
91,India,2017,44.92,42.05,39.56,10.33,6.22,0.21,0.75,0.80,0.51,25.60
98,Iran,2017,33.62,53.35,39.87,38.76,10.63,1.17,1.59,0.65,1.02,16.15
101,Canada,2017,60.23,55.59,43.84,14.13,6.18,8.16,3.14,0.66,1.01,43.18
212,Morocco,2017,37.70,49.64,52.90,26.64,10.43,0.53,1.58,0.37,1.03,18.68
261,Madagascar,2017,24.40,55.41,42.01,39.84,29.42,0.60,2.16,0.90,1.16,20.89
352,Luxembourg,2017,54.77,40.86,46.95,10.98,3.27,8.00,4.08,0.55,0.98,57.13
353,Ireland,2017,44.50,42.21,39.24,11.92,4.37,5.50,2.50,0.54,1.03,42.73
357,Cyprus,2017,51.01,46.35,55.88,16.66,8.91,1.83,1.62,0.65,0.77,40.92
359,Bulgaria,2017,19.46,38.36,20.89,5.01,6.45,0.50,1.06,0.70,0.93,13.39
371,Latvia,2017,36.28,49.03,42.27,17.32,7.73,4.43,2.06,0.63,1.07,28.41
372,Estonia,2017,60.95,49.72,31.76,18.14,11.37,9.12,2.73,0.59,0.96,30.20
385,Croatia,2017,33.59,50.84,26.63,17.54,4.41,4.84,1.19,0.56,0.69,19.86
386,Slovenia,2017,34.60,53.31,31.79,14.23,6.76,5.96,2.47,0.46,0.87,34.24
387,"Bosnia and Herzegovina",2017,13.42,35.49,27.16,4.55,1.37,0.53,1.18,0.53,0.67,10.93
421,Slovakia,2017,25.82,48.45,32.83,9.04,10.00,2.60,1.37,0.71,0.83,29.24
502,Guatemala,2017,53.31,64.49,32.42,46.54,12.29,1.33,1.63,0.78,0.93,29.51
507,Panama,2017,48.86,57.59,24.02,20.80,4.67,0.15,3.17,0.78,0.96,8.51
593,Ecuador,2017,51.15,74.06,27.13,48.18,15.35,0.54,0.87,1.06,0.86,16.54
598,Uruguay,2017,36.86,57.52,31.04,27.38,6.43,3.47,2.28,0.62,0.94,26.25
701,Kazakhstan,2017,50.42,64.68,18.37,46.22,2.41,4.08,1.78,0.99,1.04,23.54
787,"Puerto Rico",2017,27.97,46.65,28.60,18.30,1.64,2.55,1.34,0.63,0.90,25.17
886,Taiwan,2017,26.57,25.89,39.16,25.74,12.07,8.08,3.67,0.56,0.96,20.19
961,Lebanon,2017,59.18,74.61,17.02,32.52,33.20,1.41,1.09,0.69,0.75,46.91
966,"Saudi Arabia",2017,79.47,71.82,34.35,30.85,3.16,2.39,1.15,0.83,0.79,27.60
971,"United Arab Emirates",2017,35.45,64.79,61.08,56.33,5.63,1.68,3.37,0.89,0.99,18.67
972,Israel,2017,58.29,44.14,47.96,26.42,3.32,8.55,2.02,0.72,1.00,26.70
974,Qatar,2017,45.59,41.07,41.86,15.69,1.26,2.50,3.94,0.99,0.92,37.94
1,"United States",2016,57.27,55.05,33.33,11.73,9.20,7.00,6.40,0.71,0.99,37.10
7,Russia,2016,17.88,28.42,44.80,2.12,5.30,0.70,1.30,0.83,0.91,5.40
20,Egypt,2016,53.50,46.41,27.63,63.76,6.10,2.00,1.00,0.36,1.04,22.90
27,"South Africa",2016,35.03,37.87,31.18,10.06,2.50,0.70,1.80,0.74,0.94,22.00
30,Greece,2016,12.95,41.71,52.74,8.11,14.10,1.40,1.10,0.73,0.89,24.80
31,Netherlands,2016,54.25,41.18,37.93,7.40,10.20,7.60,3.20,0.65,0.61,29.50
33,France,2016,28.58,36.32,40.26,15.69,4.30,3.60,6.30,0.47,1.05,33.90
34,Spain,2016,25.56,46.69,38.91,5.11,6.20,2.70,1.90,0.81,1.01,23.70
36,Hungary,2016,30.11,38.40,43.17,15.11,5.50,3.00,2.60,0.46,0.95,20.40
39,Italy,2016,28.62,31.18,49.36,10.06,5.20,2.10,3.70,0.59,1.11,26.90
41,Switzerland,2016,41.42,43.26,31.20,7.87,11.10,6.10,5.10,0.48,0.96,37.50
43,Austria,2016,42.24,49.60,37.05,10.39,8.80,7.30,3.00,0.72,0.94,35.00
44,"United Kingdom",2016,42.30,47.96,35.23,9.14,6.10,7.00,3.80,0.47,0.95,33.00
46,Sweden,2016,78.50,35.51,40.77,8.36,4.50,6.10,11.80,0.72,0.96,33.60
48,Poland,2016,39.48,60.22,47.55,20.83,7.10,5.20,2.00,0.61,0.90,27.70
49,Germany,2016,37.56,37.41,41.04,6.23,7.00,5.10,2.70,0.52,1.04,24.70
51,Peru,2016,56.56,68.99,30.51,43.47,6.10,0.80,5.40,0.91,1.02,14.90
54,Argentina,2016,44.29,61.16,25.77,27.96,7.90,3.10,1.60,0.82,0.79,24.90
55,Brazil,2016,40.23,53.57,36.14,27.67,16.90,1.50,1.00,1.04,0.82,12.40
56,Chile,2016,50.38,61.21,26.06,44.66,8.00,5.40,2.80,0.69,0.88,57.00
57,Colombia,2016,51.40,67.92,20.95,49.56,8.90,1.20,4.20,0.82,0.91,16.50
60,Malaysia,2016,25.43,28.34,36.68,4.86,4.70,0.30,3.70,0.92,1.14,3.50
61,Australia,2016,49.28,52.34,42.87,12.34,11.30,9.00,3.90,0.65,0.85,35.90
62,Indonesia,2016,43.14,55.07,38.84,23.17,15.30,0.70,2.30,1.24,1.07,17.70
66,Thailand,2016,37.67,43.51,52.10,22.59,27.50,1.00,3.50,0.83,0.90,17.10
82,"South Korea",2016,35.32,45.09,31.54,27.47,6.60,2.30,2.70,0.66,0.99,32.80
86,China,2016,37.33,29.82,49.08,21.30,7.50,1.20,1.50,0.73,0.95,28.80
90,Turkey,2016,49.57,54.19,30.88,30.28,9.40,3.60,1.90,0.45,0.97,30.80
91,India,2016,44.34,43.99,37.53,14.88,4.60,2.50,1.20,0.56,1.02,28.00
98,Iran,2016,34.44,59.29,43.77,45.32,11.60,1.20,1.50,0.54,1.08,17.50
101,Canada,2016,58.97,54.07,39.01,14.04,6.80,5.90,3.40,0.66,1.03,40.90
212,Morocco,2016,44.98,56.06,32.85,36.23,7.50,0.50,1.80,0.67,1.05,14.50
226,"Burkina Faso",2016,61.88,76.72,17.88,63.67,28.00,0.60,1.40,0.80,0.85,22.50
237,Cameroon,2016,63.80,75.76,23.02,34.38,15.20,1.20,1.00,0.92,0.89,15.90
351,Portugal,2016,29.53,42.35,38.12,13.26,7.10,2.40,2.70,0.59,0.80,21.00
352,Luxembourg,2016,49.79,40.83,45.77,11.92,3.20,7.20,4.80,0.56,1.01,44.50
353,Ireland,2016,45.23,44.88,39.62,12.89,4.40,6.20,3.20,0.50,1.00,40.00
357,Cyprus,2016,35.87,52.38,50.17,16.73,8.20,5.60,2.00,0.43,0.94,36.70
358,Finland,2016,49.11,35.82,37.55,10.43,7.30,5.60,9.70,0.72,0.96,29.40
359,Bulgaria,2016,21.04,39.67,25.06,7.09,6.20,0.90,1.10,0.80,1.05,17.50
371,Latvia,2016,31.90,49.89,41.11,18.94,9.50,4.50,4.00,0.51,0.97,29.40
372,Estonia,2016,52.29,43.65,41.15,16.41,7.80,6.30,3.30,0.56,1.02,34.50
385,Croatia,2016,24.55,50.15,35.79,18.17,4.20,5.30,1.30,0.50,0.77,23.30
386,Slovenia,2016,25.34,51.80,33.78,11.38,6.70,4.70,2.70,0.47,0.91,33.20
389,"North Macedonia",2016,38.36,54.50,34.44,24.85,7.20,1.40,0.70,0.40,1.00,15.50
421,Slovakia,2016,23.03,44.03,39.66,8.04,6.10,2.20,1.00,0.67,0.79,25.90
501,Belize,2016,71.77,84.65,26.07,42.87,5.30,8.00,6.20,0.90,0.98,48.20
502,Guatemala,2016,48.23,61.56,34.11,36.96,9.10,1.70,1.10,0.68,0.82,39.10
503,"El Salvador",2016,38.92,70.57,30.76,33.35,11.50,1.00,1.30,0.91,0.79,14.90
507,Panama,2016,42.44,47.96,27.42,9.68,4.40,0.20,3.90,0.87,0.87,23.70
593,Ecuador,2016,45.47,71.33,25.85,36.71,14.30,0.70,1.20,0.90,0.90,16.40
598,Uruguay,2016,28.57,55.60,29.70,25.48,7.40,2.60,1.40,0.53,0.84,26.20
701,Kazakhstan,2016,44.16,50.01,30.51,16.77,2.40,0.70,0.80,0.87,0.93,19.60
787,"Puerto Rico",2016,25.15,47.94,20.07,19.39,1.60,1.80,1.30,0.58,1.04,19.90
852,"Hong Kong",2016,56.76,32.38,37.30,16.28,6.10,4.10,4.40,0.50,1.07,27.00
876,Jamaica,2016,64.38,83.54,24.53,37.90,8.20,0.70,0.80,0.81,0.96,20.10
886,Taiwan,2016,26.46,25.24,41.02,25.79,7.70,5.70,2.70,0.46,1.10,17.60
961,Lebanon,2016,59.64,68.05,22.45,40.50,20.10,2.60,1.10,0.61,1.07,58.70
962,Jordan,2016,30.52,48.36,44.34,16.39,2.70,1.50,1.90,0.26,0.78,23.90
966,"Saudi Arabia",2016,81.53,70.68,39.43,23.88,2.30,4.70,5.40,0.75,1.03,12.90
971,"United Arab Emirates",2016,25.83,55.23,54.38,48.26,1.90,2.20,1.40,0.56,0.95,26.50
972,Israel,2016,53.69,41.10,48.65,20.61,4.00,7.30,2.60,0.71,1.15,30.40
974,Qatar,2016,48.37,50.59,35.37,38.94,3.00,6.40,6.00,0.84,1.17,22.80
995,Georgia,2016,29.51,41.63,26.54,12.78,8.60,0.50,0.70,0.60,0.86,20.10
1,"United States",2015,46.63,55.71,29.36,12.35,7.33,6.96,4.82,0.63,0.91,36.01
20,Egypt,2015,46.07,41.52,29.50,36.75,2.90,1.33,0.79,0.33,0.73,22.28
27,"South Africa",2015,40.91,45.44,30.32,10.93,3.41,0.30,1.13,0.60,0.91,30.13
30,Greece,2015,14.19,46.78,46.86,8.29,13.09,1.03,1.54,0.79,0.94,23.96
31,Netherlands,2015,48.36,40.55,33.17,9.43,9.87,6.27,4.45,0.32,1.17,26.39
32,Belgium,2015,40.26,31.89,48.48,10.85,3.75,6.13,1.61,0.66,0.63,39.72
34,Spain,2015,25.97,45.26,39.15,5.59,7.70,1.09,1.80,0.79,0.93,23.91
36,Hungary,2015,25.34,38.67,41.82,14.75,6.49,2.12,2.18,0.53,0.74,18.62
39,Italy,2015,25.66,30.54,57.46,8.15,4.51,1.38,1.61,0.43,1.15,27.98
40,Romania,2015,33.31,46.33,40.49,29.01,7.47,4.61,1.21,0.53,1.07,30.00
41,Switzerland,2015,41.79,44.00,33.80,7.04,11.33,6.49,6.53,0.54,0.94,38.47
44,"United Kingdom",2015,41.55,43.57,34.93,8.16,5.26,4.08,2.14,0.53,1.09,36.01
46,Sweden,2015,70.22,36.70,36.45,8.44,5.20,6.36,5.71,0.51,0.97,32.74
47,Norway,2015,68.93,30.76,33.41,4.78,6.53,9.89,6.26,0.51,1.09,13.97
48,Poland,2015,32.89,55.92,47.80,19.97,5.92,4.04,1.65,0.48,0.88,22.44
49,Germany,2015,38.27,36.19,42.29,7.18,4.82,4.51,3.75,0.54,0.92,34.24
51,Peru,2015,51.36,65.31,25.53,38.56,6.61,0.73,2.12,1.03,0.86,15.86
52,Mexico,2015,44.73,45.81,36.44,13.69,6.86,1.17,2.94,0.83,0.91,18.31
54,Argentina,2015,45.88,61.62,25.80,29.14,9.49,2.38,1.70,0.79,0.83,22.18
55,Brazil,2015,42.38,58.27,44.74,24.37,18.89,0.99,1.11,0.94,0.67,19.69
56,Chile,2015,57.35,65.72,28.06,50.03,8.16,5.23,2.42,0.74,0.76,54.40
57,Colombia,2015,58.26,59.47,33.20,48.22,5.17,2.31,1.70,0.68,0.97,29.70
60,Malaysia,2015,28.24,27.83,27.13,5.61,4.78,0.27,4.90,1.05,1.00,10.40
61,Australia,2015,48.87,48.21,41.67,14.39,8.72,8.52,5.19,0.65,0.94,31.67
62,Indonesia,2015,49.91,65.29,39.49,27.47,17.15,0.21,1.92,1.01,0.94,17.27
63,Philippines,2015,53.77,68.99,36.45,37.11,7.25,2.35,1.62,1.31,0.87,31.84
66,Thailand,2015,41.00,46.22,46.62,16.73,24.61,0.72,4.42,1.16,0.90,19.02
82,"South Korea",2015,14.39,27.41,38.11,6.62,6.96,2.40,2.55,0.72,1.01,31.34
84,Vietnam,2015,56.80,56.83,45.57,22.26,19.55,0.55,1.55,1.34,0.78,16.48
86,China,2015,31.71,27.42,39.96,19.52,3.12,1.36,1.12,0.67,1.13,25.82
91,India,2015,37.79,37.84,44.01,9.15,5.50,0.31,1.81,0.58,1.07,51.08
98,Iran,2015,40.31,61.99,38.10,34.96,14.04,0.95,1.68,0.48,1.00,12.10
101,Canada,2015,53.19,50.49,39.47,11.64,8.85,7.06,4.14,0.84,1.08,36.13
212,Morocco,2015,34.25,47.56,41.08,30.18,5.16,0.37,1.52,0.47,0.92,12.58
216,Tunisia,2015,48.79,59.93,40.25,28.80,5.02,1.87,3.56,0.36,0.93,32.17
221,Senegal,2015,69.91,89.05,15.91,66.64,18.82,2.27,1.92,0.91,0.78,8.21
226,"Burkina Faso",2015,58.10,78.05,17.89,45.87,27.78,0.58,1.36,0.79,0.86,11.63
237,Cameroon,2015,60.75,73.09,23.90,33.09,12.85,0.67,1.26,0.87,0.91,14.80
246,Barbados,2015,54.97,75.03,14.74,21.61,14.09,1.07,3.71,0.88,0.91,13.68
267,Botswana,2015,57.81,74.11,18.86,61.85,4.60,1.56,1.41,0.82,0.79,20.27
351,Portugal,2015,28.07,48.85,40.80,16.17,7.00,3.96,1.46,0.54,0.80,27.21
352,Luxembourg,2015,48.18,43.96,42.58,13.48,3.28,6.43,5.60,0.75,0.98,48.47
353,Ireland,2015,39.35,45.02,40.87,14.57,5.60,6.60,1.99,0.44,1.16,44.79
358,Finland,2015,48.62,37.39,32.62,10.86,10.21,5.83,4.19,0.47,0.85,19.69
359,Bulgaria,2015,15.84,35.17,33.28,5.34,5.44,0.35,0.87,0.72,1.06,8.62
371,Latvia,2015,34.73,49.08,38.60,22.24,9.59,3.34,3.01,0.52,0.99,26.32
372,Estonia,2015,51.43,44.02,39.30,16.68,7.74,6.29,4.17,0.58,1.04,39.54
385,Croatia,2015,22.30,47.52,34.42,17.21,2.81,4.86,1.02,0.59,0.87,16.95
386,Slovenia,2015,20.54,48.61,32.39,9.11,4.21,5.59,1.90,0.39,0.98,30.71
389,"North Macedonia",2015,37.77,54.44,34.33,23.32,5.91,2.28,0.51,0.41,0.96,17.03
421,Slovakia,2015,26.44,52.38,33.65,15.69,5.69,3.64,1.65,0.50,0.94,20.73
502,Guatemala,2015,47.89,59.98,31.02,36.85,8.08,1.24,0.89,0.63,0.72,37.07
507,Panama,2015,46.51,49.42,23.07,13.94,4.20,0.50,0.86,0.90,0.97,28.13
593,Ecuador,2015,52.71,72.25,28.62,46.32,17.40,0.88,1.13,0.95,0.92,27.78
598,Uruguay,2015,39.18,61.04,24.43,25.44,2.09,4.20,2.95,0.45,0.94,27.02
701,Kazakhstan,2015,48.72,52.06,75.42,17.49,2.39,0.95,0.87,0.84,0.97,18.35
787,"Puerto Rico",2015,25.05,50.37,17.73,11.12,1.41,0.61,1.65,0.72,0.94,24.29
886,Taiwan,2015,30.22,25.43,43.79,26.09,9.61,4.07,3.78,0.50,0.91,16.65
961,Lebanon,2015,45.67,69.83,17.41,43.95,17.96,3.26,2.09,0.69,0.90,38.36
972,Israel,2015,55.50,41.56,47.76,21.59,3.90,6.55,3.29,0.65,1.02,30.78
1,"United States",2014,50.85,53.34,29.66,12.08,6.95,6.46,4.96,0.68,0.93,36.71
7,Russia,2014,26.50,27.83,39.49,3.53,3.95,0.51,1.07,0.64,0.93,14.54
27,"South Africa",2014,37.00,37.65,25.37,10.05,2.68,0.26,1.26,0.81,1.00,32.46
30,Greece,2014,19.91,45.54,61.58,9.53,12.84,0.77,0.88,0.59,0.77,23.91
31,Netherlands,2014,45.55,44.26,34.79,9.29,9.59,6.99,4.01,0.63,1.02,26.37
32,Belgium,2014,35.93,30.40,49.35,10.55,3.54,5.42,1.41,0.41,0.83,30.94
33,France,2014,28.26,35.44,41.18,14.20,2.94,3.81,4.31,0.60,0.84,40.13
34,Spain,2014,22.61,48.13,38.03,7.09,7.03,1.83,1.12,0.72,0.88,26.88
36,Hungary,2014,23.40,40.94,41.96,13.89,7.95,2.80,1.09,0.39,0.85,23.35
39,Italy,2014,26.57,31.31,49.10,11.40,4.27,0.76,2.84,0.55,1.10,21.21
40,Romania,2014,32.41,48.44,41.25,31.70,7.60,4.94,1.72,0.41,0.99,16.67
41,Switzerland,2014,43.67,41.59,28.98,7.07,9.10,6.07,4.05,1.02,0.88,27.12
43,Austria,2014,44.40,48.67,34.92,8.15,9.86,5.62,3.41,0.68,0.98,35.31
44,"United Kingdom",2014,40.99,46.44,36.84,6.88,6.50,7.00,4.09,0.55,1.01,21.45
45,Denmark,2014,59.66,34.88,40.99,6.92,5.09,11.43,11.09,0.53,0.98,46.34
46,Sweden,2014,70.07,36.65,36.53,8.47,6.46,5.78,7.10,0.40,0.94,36.62
47,Norway,2014,63.45,30.54,37.56,4.99,5.35,7.90,19.50,0.55,0.93,18.58
48,Poland,2014,31.35,54.30,51.11,15.56,7.30,3.37,1.28,0.48,0.99,32.01
49,Germany,2014,37.59,36.40,39.95,5.93,5.15,4.45,2.32,0.61,0.94,24.00
51,Peru,2014,62.31,69.42,29.11,50.60,9.24,1.67,3.59,0.94,0.92,14.49
52,Mexico,2014,48.87,53.48,29.61,17.40,4.48,0.72,2.23,0.93,0.94,18.15
54,Argentina,2014,31.91,57.78,23.54,27.83,9.09,2.43,1.55,0.63,0.80,24.62
55,Brazil,2014,55.54,49.96,35.56,24.50,17.51,1.04,2.00,1.03,0.79,12.65
56,Chile,2014,67.00,64.87,28.39,50.14,8.79,5.13,3.53,0.79,0.81,55.16
57,Colombia,2014,65.74,57.41,30.70,47.01,4.86,3.70,1.55,0.64,0.84,36.12
60,Malaysia,2014,43.40,38.40,26.75,11.63,8.46,,3.65,1.33,0.92,20.22
61,Australia,2014,45.72,46.80,39.21,10.02,9.80,8.37,3.62,0.65,0.99,30.81
62,Indonesia,2014,45.46,60.20,38.12,27.36,11.90,0.48,1.85,1.15,0.95,21.04
63,Philippines,2014,45.89,66.15,37.68,42.84,6.16,0.63,1.14,1.31,0.72,27.18
65,Singapore,2014,16.71,21.35,39.40,9.44,2.88,4.84,6.21,0.48,0.96,20.47
66,Thailand,2014,47.35,50.12,42.44,21.75,33.06,2.05,4.00,0.90,0.99,24.51
81,Japan,2014,7.27,12.23,54.51,2.52,7.18,1.10,3.63,0.25,0.98,25.27
84,Vietnam,2014,39.36,58.20,50.13,18.20,22.15,0.30,1.79,1.02,0.98,14.38
86,China,2014,31.88,32.97,39.50,19.33,11.59,0.46,1.37,0.84,0.88,19.63
91,India,2014,38.91,36.70,37.67,7.66,3.73,0.10,1.15,0.54,1.18,43.52
98,Iran,2014,27.68,59.45,32.70,25.48,10.92,1.39,1.28,0.49,1.06,11.19
101,Canada,2014,55.52,48.98,36.52,11.96,9.35,4.76,4.04,0.61,0.88,35.14
226,"Burkina Faso",2014,63.61,65.89,23.75,42.34,17.68,0.26,2.37,0.74,0.76,14.03
237,Cameroon,2014,69.34,73.77,22.80,55.57,11.50,1.92,1.21,0.83,0.80,13.97
244,Angola,2014,69.75,61.68,44.81,39.34,6.50,2.89,1.78,0.89,0.95,18.91
246,Barbados,2014,38.16,63.51,23.44,11.48,7.09,0.81,3.65,0.78,0.98,25.69
256,Uganda,2014,76.91,84.86,12.55,60.19,35.94,2.32,2.87,1.10,0.92,7.56
267,Botswana,2014,57.16,67.14,13.70,63.37,4.95,2.69,1.81,0.89,0.86,29.88
351,Portugal,2014,22.87,46.59,38.38,15.81,7.58,3.24,1.80,0.72,0.90,26.93
352,Luxembourg,2014,42.54,37.56,42.01,11.86,3.70,7.26,5.06,0.60,0.98,53.36
353,Ireland,2014,33.36,47.24,39.33,7.16,9.91,6.67,1.64,0.48,0.80,36.86
358,Finland,2014,42.38,34.88,36.76,7.94,6.60,4.46,4.04,0.70,0.96,23.08
370,Lithuania,2014,31.66,33.44,44.77,19.65,7.84,5.08,2.23,0.42,0.87,29.55
372,Estonia,2014,49.44,42.47,41.77,9.85,5.70,3.59,2.72,0.69,0.96,34.90
383,Kosovo,2014,65.62,65.20,26.73,6.31,2.06,0.16,1.32,0.69,0.79,28.55
385,Croatia,2014,18.43,45.91,30.30,19.50,3.61,3.62,0.62,0.42,0.95,20.14
386,Slovenia,2014,17.25,48.60,29.00,11.36,4.76,4.73,1.76,0.51,0.81,39.51
387,"Bosnia and Herzegovina",2014,19.59,47.30,26.80,20.43,6.67,1.93,0.49,0.40,0.73,17.10
421,Slovakia,2014,23.50,54.40,35.96,15.14,7.80,4.85,1.59,0.52,0.98,33.95
501,Belize,2014,49.55,69.00,32.63,10.09,3.74,4.60,3.64,0.83,0.97,23.46
502,Guatemala,2014,45.38,64.17,33.03,35.79,7.36,0.46,0.96,0.69,0.90,29.61
503,"El Salvador",2014,44.69,70.81,34.90,23.06,12.73,0.31,1.71,1.02,0.96,8.69
506,"Costa Rica",2014,39.00,59.39,36.83,28.95,2.53,0.53,3.29,0.94,0.88,23.18
507,Panama,2014,43.26,54.38,14.63,19.67,3.44,0.20,2.29,0.90,0.93,8.19
591,Bolivia,2014,57.67,73.11,38.39,46.94,7.59,0.56,2.26,0.84,0.88,27.88
593,Ecuador,2014,62.02,72.81,30.67,43.10,17.67,0.33,1.19,0.97,0.91,23.75
597,Suriname,2014,41.03,77.36,16.10,4.55,5.17,0.44,7.34,0.58,0.77,5.08
598,Uruguay,2014,45.56,63.12,26.71,24.82,6.74,3.82,1.71,0.69,0.89,34.30
701,Kazakhstan,2014,26.50,52.54,23.83,15.41,7.43,1.05,1.28,0.92,0.94,22.22
787,"Puerto Rico",2014,25.08,48.84,24.01,12.45,1.27,1.80,2.49,0.81,0.98,40.07
868,"Trinidad and Tobago",2014,58.62,75.23,16.79,33.91,8.48,1.58,5.35,0.82,0.98,15.96
876,Jamaica,2014,57.05,81.23,22.04,35.33,14.44,0.42,1.04,0.82,0.85,13.90
886,Taiwan,2014,33.47,29.00,37.39,25.56,12.19,7.60,4.98,0.67,0.97,26.99
974,Qatar,2014,63.38,60.94,25.54,50.36,3.54,11.47,2.53,0.53,1.10,28.58
995,Georgia,2014,36.58,37.54,34.78,15.58,7.28,0.37,0.64,0.80,0.85,21.58
1,"United States",2013,47.16,55.74,31.11,12.18,7.49,,2.70,0.69,1.02,34.24
7,Russia,2013,18.19,28.15,29.04,2.60,3.41,,1.19,0.86,0.93,12.87
27,"South Africa",2013,37.85,42.68,27.33,12.76,2.86,0.78,1.04,0.73,0.90,49.15
30,Greece,2013,13.54,45.99,49.33,8.77,12.60,,1.53,0.41,0.88,28.74
31,Netherlands,2013,32.66,42.38,36.81,9.08,8.68,,8.41,0.58,0.93,28.87
32,Belgium,2013,31.50,33.85,46.55,7.85,5.94,,1.51,0.54,0.85,27.35
33,France,2013,22.87,33.15,41.13,12.59,4.09,,3.89,0.50,0.93,27.58
34,Spain,2013,16.01,48.39,36.30,8.43,8.39,,1.13,0.67,0.93,22.86
36,Hungary,2013,18.87,37.50,44.82,13.73,7.20,3.62,1.38,0.57,0.68,15.81
39,Italy,2013,17.34,29.11,48.59,9.80,3.67,,0.98,0.43,0.77,19.00
40,Romania,2013,28.86,45.87,37.26,23.65,5.35,5.05,1.00,0.64,1.01,21.46
41,Switzerland,2013,41.52,44.72,28.24,9.78,9.96,,8.97,0.97,1.04,27.57
44,"United Kingdom",2013,35.54,43.85,36.40,7.19,6.55,8.52,2.80,0.63,0.94,27.94
46,Sweden,2013,64.45,38.80,36.59,9.53,6.03,,6.03,0.61,1.01,28.89
47,Norway,2013,63.67,34.18,35.25,5.23,6.15,,15.20,0.41,0.93,15.20
48,Poland,2013,26.06,51.77,46.72,17.27,6.47,4.28,0.69,0.50,0.92,26.65
49,Germany,2013,31.30,37.72,38.58,6.84,5.07,,2.98,0.65,0.94,26.02
51,Peru,2013,60.96,62.20,25.68,33.91,5.42,0.85,2.41,0.72,0.87,12.01
52,Mexico,2013,53.60,58.52,31.65,16.93,4.18,,3.89,0.77,1.00,20.48
54,Argentina,2013,40.87,61.75,24.92,31.02,9.62,,1.59,0.67,0.79,15.55
55,Brazil,2013,50.93,52.62,38.72,27.20,15.44,,2.01,1.01,0.87,0.76
56,Chile,2013,68.40,59.63,28.01,46.49,8.46,3.57,2.87,0.63,0.82,52.06
57,Colombia,2013,67.70,57.84,31.75,54.54,5.85,,1.48,0.57,0.82,49.47
60,Malaysia,2013,40.72,27.98,33.31,11.82,6.03,0.51,3.53,0.72,1.12,16.90
62,Indonesia,2013,46.68,62.01,35.19,35.06,21.20,,1.72,0.96,0.96,11.75
63,Philippines,2013,47.94,68.40,36.19,44.12,6.61,0.40,0.87,0.94,0.86,24.76
65,Singapore,2013,22.24,24.76,39.78,15.09,4.20,,8.18,0.62,1.02,20.95
66,Thailand,2013,45.34,44.38,49.32,18.47,28.02,1.66,3.63,0.96,0.89,20.07
81,Japan,2013,7.65,12.86,49.35,4.09,5.71,,2.38,0.55,0.85,22.37
82,"South Korea",2013,12.73,28.10,42.29,12.07,9.01,3.97,1.40,0.40,1.06,18.27
84,Vietnam,2013,36.81,48.65,56.74,24.07,16.35,2.70,2.48,0.83,0.99,16.94
86,China,2013,33.07,36.29,34.30,14.42,11.04,0.60,1.06,0.77,0.82,21.70
90,Turkey,2013,38.63,52.24,30.39,28.06,5.67,,1.77,0.47,0.98,31.60
91,India,2013,41.43,55.78,38.91,22.79,10.66,,0.93,0.49,1.00,20.94
98,Iran,2013,36.99,56.52,36.42,30.62,10.59,2.49,0.94,0.36,0.96,13.90
101,Canada,2013,57.35,48.45,35.22,13.53,8.44,,4.43,0.68,0.94,32.39
213,Algeria,2013,61.86,55.51,32.95,36.02,5.45,0.64,2.92,0.51,1.08,11.48
218,Libya,2013,52.26,58.63,33.05,62.07,3.44,,7.41,0.49,1.05,26.14
233,Ghana,2013,69.27,85.77,24.64,45.60,25.93,,1.32,1.19,0.80,14.73
234,Nigeria,2013,84.66,87.04,16.33,46.81,17.51,0.46,2.06,1.04,1.00,18.30
244,Angola,2013,56.67,56.32,63.66,38.25,8.52,,1.54,0.84,0.97,12.25
246,Barbados,2013,45.69,74.50,17.34,18.38,12.38,,3.70,0.82,0.93,18.89
256,Uganda,2013,81.10,83.84,15.03,60.72,36.09,,1.89,0.99,0.88,9.86
260,Zambia,2013,76.80,79.65,15.40,44.45,16.55,,0.96,1.04,0.93,7.86
264,Namibia,2013,68.31,73.95,32.08,52.39,7.89,1.59,0.98,1.07,0.79,40.08
265,Malawi,2013,78.90,89.48,15.14,66.69,12.03,,0.67,0.95,0.75,28.21
267,Botswana,2013,65.90,67.44,18.60,59.20,3.44,0.87,1.98,0.91,0.82,20.31
351,Portugal,2013,20.24,48.75,40.09,13.24,7.72,,2.36,0.54,0.93,34.31
352,Luxembourg,2013,45.57,43.28,42.91,14.13,2.39,,10.04,0.49,0.89,47.87
353,Ireland,2013,28.28,43.14,40.43,12.59,7.50,,2.43,0.53,0.99,32.65
358,Finland,2013,43.80,33.26,36.73,8.34,6.65,5.74,3.68,0.61,1.11,21.59
370,Lithuania,2013,28.72,35.38,41.65,22.43,8.34,6.79,2.37,0.45,0.93,25.26
371,Latvia,2013,34.80,47.85,41.62,22.69,8.84,,2.48,0.61,1.01,31.53
372,Estonia,2013,46.07,39.96,38.83,19.39,5.01,,3.38,0.55,0.92,34.75
385,Croatia,2013,17.58,47.18,35.18,19.60,3.28,,0.80,0.45,0.86,22.01
386,Slovenia,2013,16.06,51.48,29.61,12.37,5.68,6.10,2.22,0.46,0.87,36.30
387,"Bosnia and Herzegovina",2013,23.26,50.50,26.08,21.76,4.51,4.00,0.37,0.53,0.67,22.73
389,"North Macedonia",2013,37.15,49.69,35.57,29.11,7.29,,0.38,0.41,0.87,13.82
420,"Czech Republic",2013,23.08,42.59,35.75,13.73,5.26,,2.65,0.39,0.91,27.51
421,Slovakia,2013,16.10,51.01,33.17,16.39,5.39,4.36,1.00,0.62,1.36,23.12
502,Guatemala,2013,58.78,66.45,33.32,38.95,5.07,,1.41,0.73,0.87,34.37
507,Panama,2013,58.73,66.39,28.91,26.96,3.50,,2.14,0.73,0.91,12.23
593,Ecuador,2013,57.29,74.27,34.91,39.91,17.99,1.87,0.95,0.83,0.82,34.56
597,Suriname,2013,52.72,53.51,24.36,13.14,1.71,,3.24,0.51,1.14,17.93
598,Uruguay,2013,47.90,61.14,26.85,25.30,4.91,6.65,3.07,0.46,0.87,33.32
787,"Puerto Rico",2013,28.34,53.03,24.63,13.08,2.03,2.50,1.99,0.57,1.00,16.54
868,"Trinidad and Tobago",2013,58.01,75.26,19.75,28.69,11.40,,6.76,0.67,0.99,11.19
876,Jamaica,2013,51.23,79.14,27.05,39.51,6.28,,0.84,0.80,0.67,16.28
886,Taiwan,2013,42.03,27.22,40.69,27.81,8.28,,1.60,0.48,0.99,23.07
972,Israel,2013,46.50,36.17,51.76,23.97,5.94,,2.83,0.48,1.03,34.13
1,"United States",2012,43.49,55.88,32.32,12.53,8.56,,2.78,0.69,,34.10
7,Russia,2012,20.08,23.50,46.51,2.23,2.05,,0.86,0.64,,14.44
20,Egypt,2012,53.72,58.66,32.96,42.28,4.15,1.04,0.68,0.18,,12.27
27,"South Africa",2012,35.47,39.50,30.56,11.95,2.32,0.40,1.25,0.64,,42.92
30,Greece,2012,12.95,50.00,61.29,9.51,12.27,1.64,1.07,0.51,,23.33
31,Netherlands,2012,34.40,42.30,30.45,8.63,9.49,,7.86,0.48,,27.51
32,Belgium,2012,33.29,37.11,40.83,9.06,5.12,7.26,3.44,0.34,,36.83
33,France,2012,37.52,35.66,42.84,17.29,3.23,,3.25,0.63,,44.90
34,Spain,2012,13.90,50.38,41.76,11.13,8.74,,1.27,0.54,,30.58
36,Hungary,2012,10.95,39.83,34.28,12.96,8.10,2.14,1.13,0.45,,20.76
39,Italy,2012,19.80,29.97,57.68,10.76,3.32,,1.42,0.51,,29.34
40,Romania,2012,36.73,38.34,40.87,27.02,3.91,3.50,1.56,0.40,,30.66
41,Switzerland,2012,35.67,37.34,32.29,7.26,8.44,,3.18,0.85,,31.89
43,Austria,2012,49.21,49.61,35.96,8.57,7.61,,3.53,0.74,,33.55
44,"United Kingdom",2012,32.82,47.13,36.01,9.52,6.16,10.08,2.33,0.54,,30.54
45,Denmark,2012,44.41,31.02,39.26,6.64,3.45,12.62,8.58,0.41,,44.41
46,Sweden,2012,66.48,36.99,32.61,10.96,5.25,,7.11,0.61,,21.15
47,Norway,2012,64.43,34.37,39.37,4.91,5.75,,9.40,0.36,,22.96
48,Poland,2012,20.42,53.89,43.45,21.57,5.81,,0.74,0.49,,32.15
49,Germany,2012,36.16,37.09,41.91,6.01,4.95,,2.34,0.50,,31.77
51,Peru,2012,56.99,65.47,30.36,45.06,5.10,1.72,2.27,0.77,,18.36
52,Mexico,2012,44.99,62.34,25.66,18.39,4.67,1.23,3.86,0.99,,21.62
54,Argentina,2012,50.08,63.46,27.02,29.20,9.63,,1.35,0.59,,29.35
55,Brazil,2012,52.40,53.94,31.05,36.47,15.19,,1.95,0.91,,1.20
56,Chile,2012,64.91,59.91,27.99,43.12,7.77,4.79,3.96,0.73,,56.23
57,Colombia,2012,71.80,56.57,32.04,56.66,6.72,,3.85,0.77,,41.63
60,Malaysia,2012,35.69,30.82,36.34,13.34,6.96,0.90,4.56,0.80,,17.13
65,Singapore,2012,22.51,26.58,41.63,16.08,3.10,,3.69,0.76,,21.79
66,Thailand,2012,44.61,45.97,50.06,18.98,29.69,1.11,4.04,1.19,,19.57
81,Japan,2012,6.37,9.00,53.13,2.49,6.11,,3.21,0.35,,21.73
82,"South Korea",2012,12.52,26.93,43.01,12.98,9.57,2.07,1.32,0.21,,26.53
86,China,2012,32.24,37.60,35.82,20.39,12.45,0.59,1.07,0.75,,21.06
90,Turkey,2012,39.88,49.44,30.39,14.72,8.68,0.97,1.77,0.39,,24.89
92,Pakistan,2012,46.48,48.74,31.24,24.51,3.78,0.17,0.45,0.06,,28.49
98,Iran,2012,39.17,54.15,41.42,22.78,9.53,0.74,0.86,0.38,,7.95
213,Algeria,2012,45.67,54.10,35.44,21.27,3.32,0.58,1.58,0.44,,20.16
216,Tunisia,2012,32.55,62.18,14.88,21.58,4.37,0.36,1.19,0.43,,25.56
233,Ghana,2012,79.29,86.26,18.23,60.36,37.74,,1.85,1.09,,10.20
234,Nigeria,2012,82.19,87.93,20.96,44.30,15.67,0.99,1.54,1.03,,19.86
244,Angola,2012,66.17,72.05,37.94,69.61,9.06,,1.61,0.89,,21.49
246,Barbados,2012,47.01,69.86,17.27,22.99,12.23,,5.05,0.88,,13.37
251,Ethiopia,2012,64.89,69.10,32.66,23.84,10.20,0.57,3.40,0.78,,13.72
256,Uganda,2012,80.69,87.69,15.25,79.08,31.25,,0.92,0.99,,9.53
260,Zambia,2012,77.87,83.75,16.68,55.29,3.84,,1.44,0.93,,14.90
264,Namibia,2012,75.22,74.00,35.15,45.07,3.17,2.06,0.99,0.93,,33.31
265,Malawi,2012,74.29,84.53,12.37,70.26,10.80,,1.02,0.82,,36.61
267,Botswana,2012,66.70,70.59,24.79,71.94,6.33,2.06,1.44,0.85,,22.72
351,Portugal,2012,16.19,46.80,42.30,14.37,6.23,,2.97,0.66,,31.57
353,Ireland,2012,25.55,45.16,35.37,5.43,8.32,,1.44,0.48,,37.33
358,Finland,2012,55.33,34.32,36.52,7.73,8.04,,3.50,0.52,,28.49
370,Lithuania,2012,29.99,39.83,35.78,17.98,8.24,5.79,2.09,0.44,,20.90
371,Latvia,2012,33.05,43.56,36.74,21.85,7.93,,1.82,0.43,,34.59
372,Estonia,2012,45.24,43.19,34.49,16.38,7.24,7.30,2.70,0.51,,37.66
385,Croatia,2012,17.15,44.06,36.04,19.26,3.06,4.44,1.04,0.41,,22.58
386,Slovenia,2012,19.62,51.32,27.28,13.25,5.79,5.88,8.69,0.32,,37.75
387,"Bosnia and Herzegovina",2012,19.57,49.11,26.94,21.94,6.00,4.20,0.35,0.49,,13.25
389,"North Macedonia",2012,30.79,55.11,39.43,27.74,6.73,,0.55,0.49,,20.52
421,Slovakia,2012,17.84,49.73,38.32,11.83,6.38,4.60,1.21,0.49,,27.29
503,"El Salvador",2012,42.74,58.51,41.72,39.84,9.39,,1.11,0.87,,29.45
506,"Costa Rica",2012,47.14,63.26,35.26,33.35,3.33,1.91,2.37,0.54,,13.68
507,Panama,2012,38.48,43.34,16.67,12.05,1.86,,2.91,1.23,,18.13
593,Ecuador,2012,58.55,72.10,32.85,51.04,18.92,0.90,0.84,1.07,,40.15
598,Uruguay,2012,51.03,57.81,27.18,19.90,4.97,5.02,2.17,0.50,,24.65
868,"Trinidad and Tobago",2012,59.23,76.06,16.65,37.48,7.19,,3.97,0.79,,14.74
886,Taiwan,2012,38.55,26.38,37.60,25.49,10.38,,2.38,0.67,,18.85
970,Palestine,2012,46.14,59.37,40.19,35.61,2.98,2.46,0.63,0.21,,21.48
972,Israel,2012,30.62,29.31,46.76,12.81,3.78,4.24,2.41,0.72,,29.15
1,"United States",2011,36.25,55.69,31.19,10.92,9.05,6.56,2.78,0.73,,33.52
7,Russia,2011,27.06,33.20,43.44,3.61,2.84,0.60,1.56,0.79,,17.50
27,"South Africa",2011,40.73,42.83,24.45,14.27,2.35,0.41,1.13,0.62,,36.28
30,Greece,2011,10.87,49.69,37.76,10.50,15.79,1.61,1.45,0.58,,28.28
31,Netherlands,2011,47.78,41.87,35.08,8.50,8.65,7.84,6.85,0.58,,31.22
32,Belgium,2011,42.97,43.99,40.73,10.89,6.79,9.37,6.94,0.66,,18.19
33,France,2011,34.92,38.43,37.13,17.70,2.38,4.74,4.77,0.34,,36.88
34,Spain,2011,14.41,50.86,38.91,7.99,8.85,2.72,1.52,0.64,,25.99
36,Hungary,2011,14.22,39.98,34.93,19.54,2.00,3.91,0.94,0.52,,31.96
40,Romania,2011,36.06,41.63,36.12,24.66,4.57,3.89,0.83,0.59,,30.02
41,Switzerland,2011,47.40,42.45,30.57,9.52,10.15,4.61,5.39,0.99,,38.75
44,"United Kingdom",2011,33.30,42.47,36.05,8.85,7.16,5.25,2.69,0.56,,45.85
45,Denmark,2011,46.64,34.97,40.52,6.72,4.93,15.09,9.05,0.46,,54.13
46,Sweden,2011,71.49,40.32,34.57,9.78,7.00,16.18,11.10,0.63,,29.12
47,Norway,2011,67.07,33.24,40.53,8.67,6.65,,16.34,0.44,,24.46
48,Poland,2011,33.10,51.99,42.93,22.69,4.97,2.83,0.66,0.39,,33.22
49,Germany,2011,35.17,37.14,41.99,5.49,5.64,4.79,2.95,0.66,,25.28
51,Peru,2011,70.33,72.85,41.02,37.54,5.75,1.36,2.32,0.71,,44.88
52,Mexico,2011,43.46,60.64,26.57,24.20,3.03,0.94,2.81,0.78,,22.40
54,Argentina,2011,56.03,63.76,27.86,29.95,11.82,3.21,1.35,0.69,,32.46
55,Brazil,2011,43.06,52.78,31.43,28.22,12.23,1.02,1.47,0.95,,6.88
56,Chile,2011,56.56,62.06,27.04,46.00,7.00,3.46,1.98,0.80,,57.35
57,Colombia,2011,73.06,61.32,29.41,55.77,7.46,1.67,1.20,0.61,,38.40
60,Malaysia,2011,36.50,31.06,30.04,8.73,5.23,0.41,7.06,0.69,,16.39
61,Australia,2011,47.83,47.42,43.22,12.26,9.06,6.16,4.86,0.67,,32.89
65,Singapore,2011,21.44,24.10,39.18,11.75,3.34,3.31,3.24,1.19,,17.37
66,Thailand,2011,40.14,42.68,55.14,26.46,30.11,1.38,3.53,1.16,,22.94
81,Japan,2011,6.35,13.73,42.25,3.83,8.31,3.35,2.55,0.44,,14.06
82,"South Korea",2011,11.24,26.72,45.08,15.74,10.89,2.63,0.87,0.32,,15.90
86,China,2011,48.84,43.90,35.64,42.81,12.67,2.09,0.71,0.87,,14.06
90,Turkey,2011,32.36,42.08,22.49,8.54,7.96,0.70,1.42,0.44,,27.98
92,Pakistan,2011,39.69,42.61,35.27,22.58,4.08,0.19,0.53,0.11,,22.12
98,Iran,2011,32.01,46.39,32.70,29.95,11.21,0.36,0.60,0.24,,9.30
213,Algeria,2011,54.26,59.60,43.11,41.76,3.09,0.82,1.27,0.52,,20.63
234,Nigeria,2011,85.54,83.68,30.97,90.95,9.59,3.16,1.49,0.68,,18.37
246,Barbados,2011,43.63,66.41,19.95,13.20,3.94,0.74,11.57,0.51,,21.04
351,Portugal,2011,16.74,46.67,39.63,12.17,5.71,4.03,3.26,0.45,,24.56
353,Ireland,2011,25.57,45.50,33.22,5.75,7.98,5.91,1.25,0.41,,35.57
358,Finland,2011,60.82,37.26,31.96,7.13,8.81,9.42,3.25,0.53,,27.09
370,Lithuania,2011,23.20,35.40,39.92,16.81,6.33,4.87,1.66,0.46,,24.67
371,Latvia,2011,23.65,46.53,41.00,24.83,5.67,3.02,1.78,0.53,,33.27
385,Croatia,2011,18.25,48.97,34.26,17.88,4.20,4.44,0.87,0.47,,27.05
386,Slovenia,2011,18.37,50.79,31.10,9.21,4.78,5.11,4.25,0.59,,33.26
387,"Bosnia and Herzegovina",2011,20.53,48.86,30.47,17.17,4.99,3.12,0.35,0.47,,12.81
420,"Czech Republic",2011,23.90,39.22,34.62,13.93,5.20,3.81,2.07,0.38,,32.75
421,Slovakia,2011,23.08,52.92,31.83,17.80,9.64,3.43,1.23,0.40,,21.22
502,Guatemala,2011,55.09,71.01,24.55,26.40,2.54,,1.00,0.99,,34.99
507,Panama,2011,46.10,63.66,14.00,20.93,6.04,0.15,1.50,0.89,,34.54
582,Venezuela,2011,48.45,66.86,24.15,20.23,1.57,0.63,1.52,0.88,,13.44
598,Uruguay,2011,53.65,61.06,34.44,38.22,5.95,5.20,0.89,0.60,,17.22
868,"Trinidad and Tobago",2011,62.14,81.21,16.71,35.21,6.91,1.15,2.95,0.66,,8.20
876,Jamaica,2011,49.14,78.60,29.04,19.45,5.14,0.19,1.20,0.85,,16.90
880,Bangladesh,2011,64.43,23.63,72.01,24.57,11.60,,1.83,0.21,,6.78
886,Taiwan,2011,38.92,28.61,39.65,28.17,6.34,2.02,2.85,0.55,,23.09
971,"United Arab Emirates",2011,43.72,62.07,50.84,2.41,2.70,3.59,4.67,0.63,,26.37
1,"United States",2010,34.79,59.52,28.49,7.33,7.68,,1.81,0.86,,
7,Russia,2010,21.65,22.69,41.69,2.61,2.79,,0.94,0.79,,
20,Egypt,2010,38.79,63.35,25.27,24.30,4.52,,0.48,0.46,,
27,"South Africa",2010,40.91,44.30,29.03,16.70,2.05,,0.87,0.85,,
30,Greece,2010,15.91,52.18,50.86,12.84,14.84,,1.39,0.59,,
31,Netherlands,2010,44.80,45.51,23.76,5.47,9.03,,7.60,0.43,,
32,Belgium,2010,39.58,44.86,35.06,8.22,2.69,,5.23,0.83,,
33,France,2010,33.87,37.27,40.48,14.18,2.44,,2.22,0.68,,
34,Spain,2010,18.84,50.20,36.35,5.82,7.72,,1.65,0.59,,
36,Hungary,2010,33.33,43.36,42.41,13.82,5.42,,2.18,0.42,,
39,Italy,2010,24.68,42.42,36.80,3.97,3.70,,4.08,0.74,,
40,Romania,2010,17.52,38.18,41.12,8.59,2.08,,1.59,0.62,,
41,Switzerland,2010,33.33,43.85,27.04,6.66,8.68,,4.27,0.80,,
44,"United Kingdom",2010,29.24,51.82,30.34,5.10,6.37,,4.06,0.52,,
45,Denmark,2010,46.42,40.75,31.51,5.91,5.56,,6.73,0.44,,
46,Sweden,2010,66.10,42.43,28.90,8.53,6.40,,5.36,0.56,,
47,Norway,2010,49.75,40.45,26.62,7.56,6.71,,4.76,0.33,,
49,Germany,2010,28.48,41.63,33.69,6.37,5.69,,1.89,0.54,,
51,Peru,2010,71.39,76.48,34.02,39.58,7.21,,2.24,0.89,,
52,Mexico,2010,55.56,64.65,33.36,22.33,0.42,,2.18,0.95,,
54,Argentina,2010,50.35,63.54,21.33,20.97,12.41,,1.19,0.76,,
55,Brazil,2010,48.12,57.94,33.25,26.46,15.26,,1.48,0.88,,
56,Chile,2010,65.05,65.60,22.12,38.33,5.99,,1.78,0.75,,
57,Colombia,2010,68.18,65.10,27.67,41.33,12.22,,1.03,0.80,,
60,Malaysia,2010,40.06,24.33,45.28,5.07,7.86,,3.33,0.94,,
61,Australia,2010,45.69,53.16,35.85,8.73,8.47,,3.17,0.99,,
81,Japan,2010,5.92,13.71,32.65,2.88,7.36,,1.29,0.30,,
82,"South Korea",2010,13.01,28.96,32.47,10.09,11.18,,1.28,0.19,,
86,China,2010,36.17,42.33,32.01,26.90,13.77,,0.82,0.76,,
90,Turkey,2010,36.14,54.18,24.97,19.43,10.73,,1.25,0.27,,
92,Pakistan,2010,51.95,56.17,34.31,32.38,4.72,,0.96,0.24,,
98,Iran,2010,41.59,65.72,30.07,31.38,12.16,,1.04,0.25,,
216,Tunisia,2010,37.58,53.11,23.18,24.12,9.01,,2.02,0.50,,
233,Ghana,2010,75.72,74.65,10.43,68.83,35.51,,0.94,1.20,,
244,Angola,2010,67.31,73.11,32.21,54.55,8.65,,0.84,0.94,,
256,Uganda,2010,80.54,86.69,20.65,77.09,27.71,,0.67,0.95,,
260,Zambia,2010,81.36,77.51,12.75,67.07,9.56,,1.28,0.85,,
351,Portugal,2010,20.25,52.08,29.71,8.76,5.44,,2.31,0.51,,
353,Ireland,2010,22.50,49.15,33.36,6.14,8.55,,1.08,0.41,,
354,Iceland,2010,48.74,48.99,33.69,15.71,7.42,,10.00,0.51,,
358,Finland,2010,51.13,39.53,28.61,5.89,9.44,,3.01,0.52,,
371,Latvia,2010,29.10,50.75,39.87,21.35,7.64,,1.90,0.50,,
382,Montenegro,2010,36.07,70.88,30.42,31.86,7.81,,1.03,0.54,,
385,Croatia,2010,23.32,53.19,31.18,7.43,2.90,,1.51,0.55,,
386,Slovenia,2010,26.80,56.34,27.55,8.73,4.94,,3.32,0.45,,
387,"Bosnia and Herzegovina",2010,38.25,62.55,27.45,16.76,6.64,,0.64,0.37,,
389,"North Macedonia",2010,34.26,59.72,30.91,26.69,7.58,,0.40,0.34,,
502,Guatemala,2010,62.93,71.00,23.22,30.68,6.65,,1.83,0.81,,
506,"Costa Rica",2010,46.38,68.80,36.00,13.20,4.83,,1.19,1.03,,
591,Bolivia,2010,53.24,75.84,28.35,49.27,18.23,,3.36,0.89,,
593,Ecuador,2010,50.27,76.59,31.15,46.31,14.68,,1.61,0.81,,
598,Uruguay,2010,52.05,73.30,27.69,31.85,7.24,,2.06,0.58,,
678,Vanuatu,2010,73.58,79.56,46.95,50.51,23.18,,0.63,0.78,,
868,"Trinidad and Tobago",2010,69.11,82.76,11.59,30.36,8.54,,3.29,0.91,,
876,Jamaica,2010,56.09,80.16,32.98,38.12,6.90,,0.91,0.79,,
886,Taiwan,2010,29.63,26.42,43.82,25.05,7.23,,1.58,0.60,,
966,"Saudi Arabia",2010,75.84,69.31,38.95,0.98,3.86,,7.47,0.49,,
970,Palestine,2010,43.99,57.01,40.05,28.25,2.04,,1.04,0.51,,
972,Israel,2010,33.88,39.94,46.71,13.45,3.25,,2.24,0.50,,
1,"United States",2009,28.35,56.16,26.67,6.87,5.87,,,0.58,,
7,Russia,2009,17.11,23.67,51.77,2.39,2.28,,,0.71,,
27,"South Africa",2009,35.39,35.47,30.67,10.88,1.42,,,0.65,,
30,Greece,2009,26.48,58.06,44.58,14.60,15.12,,,0.52,,
31,Netherlands,2009,36.16,47.49,28.71,5.46,8.06,,,0.70,,
32,Belgium,2009,14.54,36.65,27.66,5.23,2.51,,,0.56,,
33,France,2009,24.12,27.11,46.61,15.89,3.21,,,0.30,,
34,Spain,2009,15.99,47.53,45.43,4.33,6.40,,,0.62,,
36,Hungary,2009,2.85,40.86,33.26,13.05,6.70,,,0.53,,
39,Italy,2009,24.73,41.19,39.17,4.46,5.82,,,0.33,,
40,Romania,2009,13.80,27.33,52.84,6.25,3.38,,,0.46,,
41,Switzerland,2009,35.09,48.94,28.57,7.24,8.36,,,0.74,,
44,"United Kingdom",2009,24.04,47.02,31.65,4.32,6.07,,,0.47,,
45,Denmark,2009,33.85,35.35,37.15,2.60,4.69,,,0.53,,
47,Norway,2009,48.84,44.07,24.60,7.69,8.28,,,0.36,,
49,Germany,2009,22.18,39.74,37.19,5.27,5.15,,,0.81,,
51,Peru,2009,60.98,74.10,32.13,32.03,7.45,,,0.78,,
54,Argentina,2009,43.97,65.11,36.62,14.21,13.53,,,0.64,,
55,Brazil,2009,46.98,52.85,30.71,20.65,11.84,,,1.07,,
56,Chile,2009,52.11,65.29,23.19,34.94,6.77,,,0.74,,
57,Colombia,2009,50.32,64.81,29.74,57.21,12.92,,,0.79,,
60,Malaysia,2009,44.60,33.67,65.32,5.06,4.31,,,0.72,,
81,Japan,2009,8.00,13.78,50.46,3.01,7.84,,,0.31,,
82,"South Korea",2009,12.78,52.77,23.30,11.39,11.82,,,0.33,,
86,China,2009,25.32,35.23,32.07,22.58,17.16,,,0.78,,
98,Iran,2009,30.81,57.92,32.12,22.29,6.48,,,0.40,,
212,Morocco,2009,48.67,74.50,28.68,28.94,15.25,,,0.59,,
213,Algeria,2009,48.42,52.06,30.89,22.26,4.67,,,0.67,,
216,Tunisia,2009,14.88,40.26,33.74,53.55,10.18,,,0.37,,
256,Uganda,2009,73.78,84.78,28.77,58.38,21.95,,,0.79,,
354,Iceland,2009,44.39,49.84,36.06,14.96,8.91,,,0.54,,
358,Finland,2009,39.66,35.07,25.94,4.21,8.51,,,0.67,,
371,Latvia,2009,17.89,49.60,39.65,9.80,9.00,,,0.55,,
381,Serbia,2009,29.33,72.29,27.96,22.20,10.12,,,0.40,,
385,Croatia,2009,37.00,59.10,35.13,7.90,4.84,,,0.34,,
386,Slovenia,2009,29.13,52.03,29.68,9.70,5.65,,,0.32,,
387,"Bosnia and Herzegovina",2009,34.98,56.97,32.11,16.60,3.88,,,0.51,,
502,Guatemala,2009,54.90,61.32,32.63,10.34,4.23,,,0.87,,
507,Panama,2009,44.62,62.43,26.12,10.54,4.22,,,0.75,,
582,Venezuela,2009,48.21,59.31,25.61,28.70,6.51,,,0.91,,
593,Ecuador,2009,44.24,72.95,34.54,31.00,16.09,,,0.97,,
598,Uruguay,2009,46.44,67.80,28.91,20.70,5.95,,,0.45,,
676,Tonga,2009,56.17,53.00,64.75,5.69,2.26,,,1.15,,
809,"Dominican Republic",2009,49.51,78.17,27.06,25.01,11.35,,,0.74,,
852,"Hong Kong",2009,14.40,18.87,36.73,7.28,2.93,,,0.42,,
876,Jamaica,2009,42.33,77.07,24.11,28.63,16.31,,,0.74,,
961,Lebanon,2009,54.31,76.76,21.41,22.41,16.00,,,0.51,,
962,Jordan,2009,43.80,56.94,38.79,24.91,5.28,,,0.29,,
963,Syria,2009,54.20,61.85,18.14,54.02,6.71,,,0.23,,
966,"Saudi Arabia",2009,69.48,72.51,48.94,34.03,4.06,,,0.09,,
967,Yemen,2009,14.02,63.55,65.40,8.96,2.90,,,0.65,,
970,Palestine,2009,49.90,55.57,35.57,23.65,6.85,,,0.25,,
971,"United Arab Emirates",2009,45.41,67.91,25.72,35.99,5.71,,,0.40,,
972,Israel,2009,28.99,38.27,37.27,13.62,4.27,,,0.52,,
1,"United States",2008,36.57,55.66,24.56,6.90,8.34,,,0.70,,
7,Russia,2008,30.06,17.61,56.94,3.11,1.11,,,0.56,,
20,Egypt,2008,34.87,59.22,20.35,34.51,7.98,,,0.29,,
27,"South Africa",2008,37.23,37.03,33.50,13.39,2.31,,,0.62,,
30,Greece,2008,28.11,55.30,45.50,12.63,12.63,,,0.64,,
31,Netherlands,2008,39.09,37.81,29.38,3.65,7.16,,,0.47,,
32,Belgium,2008,14.10,36.26,33.36,6.39,2.63,,,0.41,,
33,France,2008,21.59,24.66,52.02,12.70,2.80,,,0.41,,
34,Spain,2008,25.40,46.51,47.19,4.97,9.05,,,0.74,,
36,Hungary,2008,18.90,48.10,34.49,6.15,5.34,,,0.66,,
39,Italy,2008,29.66,40.05,44.86,7.12,6.48,,,0.44,,
40,Romania,2008,25.75,23.77,48.81,8.55,2.07,,,0.36,,
44,"United Kingdom",2008,30.18,49.91,33.70,5.27,6.05,,,0.46,,
45,Denmark,2008,62.15,32.17,42.17,5.45,3.35,,,0.50,,
47,Norway,2008,38.79,40.63,25.01,7.00,7.68,,,0.43,,
49,Germany,2008,23.91,35.14,40.23,4.19,4.03,,,0.84,,
51,Peru,2008,56.67,72.85,34.17,34.29,8.27,,,0.86,,
52,Mexico,2008,47.35,59.29,27.76,25.55,4.94,,,0.83,,
54,Argentina,2008,47.33,62.15,29.89,15.29,13.52,,,0.92,,
55,Brazil,2008,41.44,53.12,37.98,26.17,14.59,,,0.85,,
56,Chile,2008,27.34,62.18,26.54,29.50,6.65,,,0.75,,
57,Colombia,2008,61.28,66.18,31.59,60.49,14.07,,,0.63,,
81,Japan,2008,7.64,12.54,50.51,3.76,7.86,,,0.39,,
82,"South Korea",2008,14.76,30.08,32.93,17.21,12.84,,,0.34,,
90,Turkey,2008,36.19,48.77,34.01,20.80,4.82,,,0.26,,
91,India,2008,58.47,57.97,45.59,32.90,16.50,,,0.45,,
98,Iran,2008,33.72,61.28,20.47,35.79,6.77,,,0.33,,
244,Angola,2008,74.45,52.00,41.78,27.49,4.14,,,1.24,,
353,Ireland,2008,26.55,47.80,33.12,6.42,9.02,,,0.36,,
354,Iceland,2008,36.67,51.81,35.27,11.88,7.14,,,0.56,,
358,Finland,2008,50.18,39.07,23.12,5.24,9.17,,,0.45,,
371,Latvia,2008,21.92,29.06,34.31,6.60,2.99,,,0.38,,
381,Serbia,2008,51.22,64.24,25.84,30.85,9.26,,,0.52,,
385,Croatia,2008,44.38,59.80,34.18,9.71,4.83,,,0.42,,
386,Slovenia,2008,44.75,50.80,25.44,7.31,5.59,,,0.46,,
387,"Bosnia and Herzegovina",2008,45.59,68.38,22.61,24.54,8.70,,,0.63,,
389,"North Macedonia",2008,46.74,62.20,33.32,39.04,11.03,,,0.42,,
591,Bolivia,2008,54.02,76.16,38.16,37.52,19.05,,,0.88,,
593,Ecuador,2008,41.31,70.29,30.33,37.27,11.87,,,0.86,,
598,Uruguay,2008,51.00,63.35,29.24,16.81,7.94,,,0.56,,
809,"Dominican Republic",2008,53.56,75.83,28.08,29.70,8.24,,,0.62,,
876,Jamaica,2008,51.09,69.14,26.21,16.97,9.12,,,0.85,,
972,Israel,2008,24.78,37.83,44.81,14.19,4.12,,,0.46,,
1,"United States",2007,25.18,48.30,27.34,8.18,4.97,,,0.60,,
7,Russia,2007,10.57,8.65,42.03,3.46,1.68,,,0.43,,
30,Greece,2007,28.54,47.93,53.86,11.81,13.31,,,0.43,,
31,Netherlands,2007,42.02,39.15,21.97,3.97,6.36,,,0.56,,
32,Belgium,2007,16.31,37.37,27.63,5.63,1.40,,,0.46,,
33,France,2007,23.26,33.47,40.55,15.25,1.74,,,0.53,,
34,Spain,2007,33.70,45.14,47.17,4.28,6.38,,,0.56,,
36,Hungary,2007,28.08,44.46,17.38,8.70,4.83,,,0.49,,
39,Italy,2007,39.50,50.51,40.48,10.28,5.56,,,0.49,,
40,Romania,2007,26.23,29.35,33.47,11.68,2.51,,,0.62,,
41,Switzerland,2007,34.94,40.84,29.44,6.94,6.59,,,0.65,,
43,Austria,2007,50.68,52.61,34.28,5.26,6.00,,,0.60,,
44,"United Kingdom",2007,39.00,48.71,34.16,5.57,5.10,,,0.49,,
45,Denmark,2007,70.59,36.12,33.85,6.16,6.00,,,0.73,,
46,Sweden,2007,50.33,41.65,28.54,9.00,4.70,,,0.43,,
47,Norway,2007,46.29,36.23,18.34,5.64,4.79,,,0.45,,
51,Peru,2007,63.43,77.86,23.13,40.53,15.25,,,1.01,,
54,Argentina,2007,60.80,57.06,35.03,20.03,9.96,,,0.65,,
55,Brazil,2007,39.01,53.65,29.08,21.43,9.94,,,1.00,,
56,Chile,2007,49.03,64.20,24.26,25.34,8.73,,,0.63,,
57,Colombia,2007,58.11,68.91,28.21,60.14,11.56,,,0.70,,
66,Thailand,2007,18.86,42.55,41.91,21.35,21.35,,,0.93,,
81,Japan,2007,8.87,15.16,42.87,2.30,8.65,,,1.50,,
86,China,2007,39.19,38.85,31.05,31.46,8.39,,,0.70,,
90,Turkey,2007,39.45,49.08,23.13,19.05,5.46,,,0.28,,
91,India,2007,70.96,72.98,50.21,49.66,5.53,,,0.79,,
351,Portugal,2007,32.96,57.85,29.12,9.83,7.09,,,0.51,,
353,Ireland,2007,46.15,49.43,36.69,7.70,9.02,,,0.56,,
354,Iceland,2007,68.73,46.36,38.72,14.87,8.77,,,0.43,,
358,Finland,2007,52.96,39.73,28.97,4.61,7.58,,,0.54,,
371,Latvia,2007,33.75,26.38,46.44,4.34,3.41,,,0.18,,
381,Serbia,2007,48.01,63.01,25.70,32.93,5.27,,,0.42,,
385,Croatia,2007,43.93,60.67,29.79,10.48,4.22,,,0.54,,
386,Slovenia,2007,47.53,48.04,26.66,9.33,4.59,,,0.39,,
582,Venezuela,2007,56.04,66.24,,20.68,5.39,,,0.72,,
598,Uruguay,2007,41.12,58.14,20.72,15.42,6.57,,,0.42,,
701,Kazakhstan,2007,53.80,40.99,45.84,13.20,5.77,,,0.68,,
787,"Puerto Rico",2007,34.63,50.84,24.09,13.64,2.40,,,0.94,,
809,"Dominican Republic",2007,51.51,82.51,22.97,34.42,7.57,,,0.77,,
852,"Hong Kong",2007,81.30,32.20,35.92,9.53,5.57,,,0.41,,
971,"United Arab Emirates",2007,49.92,62.96,30.62,35.42,3.38,,,0.61,,
972,Israel,2007,23.98,38.15,43.56,12.63,2.36,,,0.53,,
1,"United States",2006,24.12,51.20,25.67,7.11,5.42,,,0.58,,
7,Russia,2006,23.72,25.14,39.98,6.07,1.19,,,0.35,,
27,"South Africa",2006,27.81,36.13,34.18,6.85,1.72,,,0.78,,
30,Greece,2006,22.20,46.40,48.42,12.55,8.24,,,0.42,,
31,Netherlands,2006,45.73,37.54,31.92,3.75,6.59,,,0.50,,
32,Belgium,2006,15.37,34.59,36.18,5.76,2.12,,,0.24,,
33,France,2006,20.79,33.32,42.79,13.32,1.33,,,0.40,,
34,Spain,2006,32.70,46.18,44.33,4.37,5.45,,,0.65,,
36,Hungary,2006,16.11,43.11,15.12,9.01,6.72,,,0.50,,
39,Italy,2006,23.20,44.49,38.12,8.27,3.03,,,0.79,,
44,"United Kingdom",2006,36.76,49.62,33.19,5.56,5.41,,,0.46,,
45,Denmark,2006,64.59,36.41,38.54,6.53,5.28,,,0.45,,
46,Sweden,2006,46.04,41.86,27.70,9.29,4.99,,,0.55,,
47,Norway,2006,50.98,39.13,25.03,6.22,5.98,,,0.47,,
49,Germany,2006,20.03,39.00,34.33,5.34,3.03,,,0.45,,
51,Peru,2006,67.75,78.01,25.10,37.70,12.37,,,0.96,,
52,Mexico,2006,27.07,41.33,30.82,15.74,2.27,,,0.73,,
54,Argentina,2006,57.30,57.49,32.60,13.42,6.96,,,0.47,,
55,Brazil,2006,37.04,53.60,34.38,19.11,12.09,,,0.70,,
56,Chile,2006,42.20,61.39,28.34,22.28,6.79,,,0.62,,
57,Colombia,2006,65.18,66.95,23.70,62.56,10.41,,,0.62,,
60,Malaysia,2006,47.14,47.01,49.84,9.13,7.31,,,1.01,,
61,Australia,2006,54.79,50.64,33.66,10.59,9.12,,,0.69,,
62,Indonesia,2006,41.81,56.27,28.88,30.16,17.62,,,0.94,,
63,Philippines,2006,58.05,72.48,35.22,48.40,19.72,,,1.23,,
65,Singapore,2006,15.70,25.39,39.15,9.41,3.37,,,0.63,,
66,Thailand,2006,20.97,34.77,52.54,26.41,17.42,,,0.87,,
81,Japan,2006,9.15,15.71,28.93,1.96,4.76,,,0.81,,
86,China,2006,31.20,36.39,31.70,24.71,12.92,,,0.89,,
90,Turkey,2006,33.91,54.66,26.59,20.10,11.45,,,0.41,,
91,India,2006,52.09,62.26,24.44,31.33,5.60,,,0.79,,
101,Canada,2006,44.74,53.22,25.76,6.26,5.11,,,0.73,,
353,Ireland,2006,44.00,50.92,34.49,6.26,7.82,,,0.40,,
354,Iceland,2006,60.39,50.20,39.90,15.39,6.68,,,0.36,,
358,Finland,2006,49.82,36.53,36.47,5.11,8.23,,,0.68,,
371,Latvia,2006,41.19,36.11,45.39,12.50,5.69,,,0.42,,
385,Croatia,2006,42.75,58.07,29.94,8.76,4.12,,,0.40,,
386,Slovenia,2006,38.84,47.71,27.70,7.28,4.44,,,0.33,,
420,"Czech Republic",2006,26.73,37.98,31.23,9.01,5.41,,,0.46,,
598,Uruguay,2006,51.91,59.32,29.01,14.51,6.91,,,0.51,,
876,Jamaica,2006,53.07,72.32,27.49,37.14,10.30,,,0.80,,
971,"United Arab Emirates",2006,41.30,45.98,31.62,6.13,1.39,,,0.05,,
1,"United States",2005,32.32,52.13,21.64,9.01,4.67,,,0.63,,
27,"South Africa",2005,27.26,35.19,31.92,8.71,1.30,,,0.77,,
30,Greece,2005,16.47,44.61,50.32,14.70,10.49,,,0.35,,
31,Netherlands,2005,39.07,41.67,30.33,4.14,5.66,,,0.31,,
32,Belgium,2005,42.51,44.49,29.00,6.12,5.63,,,0.45,,
33,France,2005,21.65,35.98,42.37,11.41,2.27,,,0.45,,
34,Spain,2005,38.00,47.74,42.03,4.21,7.71,,,0.58,,
36,Hungary,2005,10.33,14.58,29.59,1.55,2.01,,,1.69,,
39,Italy,2005,14.88,32.10,30.43,8.79,6.41,,,0.60,,
41,Switzerland,2005,38.53,51.19,26.72,6.50,9.69,,,0.67,,
43,Austria,2005,29.13,45.98,30.26,4.86,3.84,,,0.53,,
44,"United Kingdom",2005,38.75,50.97,33.42,6.66,5.09,,,0.43,,
45,Denmark,2005,65.75,37.93,39.96,7.19,4.35,,,0.47,,
46,Sweden,2005,45.33,44.68,34.06,14.27,6.32,,,0.59,,
47,Norway,2005,46.42,41.78,21.75,7.30,7.27,,,0.33,,
49,Germany,2005,17.61,40.58,40.24,5.27,4.21,,,0.61,,
52,Mexico,2005,33.17,45.60,29.54,17.19,1.89,,,0.62,,
54,Argentina,2005,57.51,55.12,36.99,17.59,4.95,,,0.64,,
55,Brazil,2005,42.71,50.23,37.59,21.03,10.11,,,0.92,,
56,Chile,2005,48.60,67.38,32.56,8.69,3.78,,,0.58,,
61,Australia,2005,50.24,57.44,30.34,12.00,10.35,,,0.54,,
64,"New Zealand",2005,56.76,59.81,21.98,11.18,10.83,,,0.63,,
65,Singapore,2005,17.47,28.99,35.77,12.78,4.75,,,0.53,,
66,Thailand,2005,33.93,45.62,48.84,34.79,14.10,,,0.87,,
81,Japan,2005,16.55,13.38,44.54,0.80,5.38,,,0.38,,
86,China,2005,21.31,22.55,13.91,45.54,13.24,,,0.74,,
101,Canada,2005,47.77,53.78,28.92,9.73,7.40,,,0.42,,
353,Ireland,2005,51.87,49.94,34.04,8.37,8.06,,,0.39,,
354,Iceland,2005,62.41,46.75,41.85,15.89,7.29,,,0.44,,
358,Finland,2005,46.60,36.37,28.93,4.32,8.59,,,0.81,,
371,Latvia,2005,36.07,38.04,37.31,10.57,5.01,,,0.59,,
385,Croatia,2005,37.21,58.74,38.51,6.49,3.65,,,0.26,,
386,Slovenia,2005,20.90,35.46,31.68,8.64,6.26,,,0.50,,
582,Venezuela,2005,65.15,74.94,30.95,40.00,8.59,,,0.91,,
876,Jamaica,2005,44.68,72.53,30.52,24.92,9.53,,,0.85,,
1,"United States",2004,33.61,54.22,17.75,8.03,5.45,,,0.90,,
27,"South Africa",2004,32.29,35.36,35.43,13.25,1.44,,,0.84,,
30,Greece,2004,29.15,54.45,48.27,11.44,6.54,,,0.33,,
31,Netherlands,2004,38.25,36.72,31.75,4.63,6.09,,,0.44,,
32,Belgium,2004,37.52,38.75,31.53,5.69,4.03,,,0.42,,
33,France,2004,21.13,33.08,42.32,11.56,1.45,,,0.46,,
34,Spain,2004,39.32,41.37,45.50,4.31,7.79,,,0.39,,
36,Hungary,2004,16.59,21.41,37.93,2.49,2.18,,,0.68,,
39,Italy,2004,25.36,32.63,32.02,9.33,4.72,,,0.36,,
44,"United Kingdom",2004,36.20,51.70,32.61,7.38,5.11,,,0.46,,
45,Denmark,2004,49.18,40.24,24.67,6.52,5.06,,,0.43,,
46,Sweden,2004,40.84,42.25,32.05,10.04,6.03,,,0.42,,
47,Norway,2004,41.28,41.76,26.37,7.61,6.29,,,0.34,,
48,Poland,2004,35.88,50.09,37.52,17.80,8.24,,,0.39,,
49,Germany,2004,13.22,35.81,30.12,4.25,4.31,,,0.42,,
51,Peru,2004,56.24,74.99,24.45,48.25,14.46,,,0.94,,
54,Argentina,2004,56.64,58.58,33.04,19.46,8.06,,,0.54,,
55,Brazil,2004,43.84,55.66,39.54,32.73,10.11,,,0.72,,
61,Australia,2004,51.24,55.86,34.05,15.52,9.64,,,0.70,,
64,"New Zealand",2004,55.45,65.89,21.72,12.74,9.63,,,0.70,,
65,Singapore,2004,16.26,26.12,36.25,10.45,3.88,,,0.40,,
81,Japan,2004,13.99,13.52,29.53,0.75,4.75,,,0.69,,
101,Canada,2004,44.79,54.94,31.73,8.06,7.04,,,0.53,,
256,Uganda,2004,71.67,78.39,23.33,40.08,12.69,,,0.67,,
351,Portugal,2004,23.24,46.31,28.59,2.18,7.30,,,0.98,,
353,Ireland,2004,45.09,47.73,34.14,7.78,6.50,,,0.48,,
354,Iceland,2004,55.11,48.28,43.85,12.96,7.34,,,0.54,,
358,Finland,2004,38.26,36.09,36.10,3.72,7.48,,,0.54,,
385,Croatia,2004,19.27,41.59,27.54,3.90,2.15,,,0.30,,
386,Slovenia,2004,37.14,43.18,26.36,8.35,4.20,,,0.44,,
593,Ecuador,2004,46.29,76.14,44.65,40.59,10.10,,,0.81,,
852,"Hong Kong",2004,25.70,23.62,39.78,6.51,2.72,,,0.35,,
962,Jordan,2004,34.26,71.32,23.55,33.17,21.89,,,0.59,,
972,Israel,2004,32.06,42.21,44.42,16.62,3.92,,,0.54,,
1,"United States",2003,30.76,53.95,23.00,8.97,5.41,,,0.52,,
27,"South Africa",2003,27.77,31.73,30.79,10.41,1.08,,,0.85,,
30,Greece,2003,23.70,52.18,49.06,11.39,19.61,,,0.42,,
31,Netherlands,2003,29.13,32.08,24.39,4.45,3.77,,,0.50,,
32,Belgium,2003,17.60,35.30,26.14,4.73,2.21,,,0.34,,
33,France,2003,9.33,24.91,34.09,5.82,1.64,,,0.95,,
34,Spain,2003,31.40,31.21,39.60,4.93,4.03,,,0.43,,
39,Italy,2003,34.01,35.13,38.36,6.48,2.26,,,0.95,,
41,Switzerland,2003,25.08,50.22,29.86,9.41,7.26,,,0.42,,
44,"United Kingdom",2003,35.24,48.39,30.75,5.42,5.78,,,0.43,,
45,Denmark,2003,41.92,36.62,29.34,5.07,5.66,,,0.33,,
46,Sweden,2003,38.60,42.25,30.33,12.68,5.31,,,0.34,,
47,Norway,2003,37.47,39.76,24.43,6.56,6.15,,,0.36,,
49,Germany,2003,13.52,38.20,32.79,5.62,4.64,,,0.47,,
54,Argentina,2003,65.10,62.83,33.27,17.15,7.84,,,0.49,,
55,Brazil,2003,41.43,50.83,34.26,34.49,7.62,,,0.82,,
56,Chile,2003,34.45,50.81,34.31,37.86,6.46,,,0.90,,
61,Australia,2003,51.70,58.92,36.41,11.83,9.06,,,0.70,,
64,"New Zealand",2003,47.34,62.42,24.05,12.92,11.12,,,0.58,,
65,Singapore,2003,16.99,26.84,34.21,8.76,1.78,,,0.55,,
81,Japan,2003,7.47,11.84,39.49,1.92,5.96,,,0.31,,
86,China,2003,32.06,37.53,28.26,29.46,13.82,,,0.81,,
101,Canada,2003,36.22,55.49,19.26,7.52,3.95,,,0.49,,
256,Uganda,2003,61.57,85.55,29.56,47.11,16.23,,,0.63,,
353,Ireland,2003,33.06,45.95,36.98,6.95,6.70,,,0.29,,
354,Iceland,2003,50.39,47.70,37.91,14.31,7.30,,,0.52,,
358,Finland,2003,48.73,38.50,36.97,5.52,0.50,,,0.26,,
385,Croatia,2003,25.59,37.45,34.05,6.39,2.55,,,0.38,,
386,Slovenia,2003,32.38,38.38,28.97,10.28,5.45,,,0.26,,
582,Venezuela,2003,43.04,82.14,30.73,37.28,9.63,,,0.88,,
852,"Hong Kong",2003,17.50,22.30,43.76,5.96,3.49,,,0.46,,
1,"United States",2002,36.92,57.13,21.63,9.23,5.74,,,0.64,,
7,Russia,2002,14.22,15.23,35.50,2.51,1.11,,,0.42,,
27,"South Africa",2002,13.62,28.07,28.99,3.64,1.12,,,0.77,,
31,Netherlands,2002,48.79,36.56,23.34,3.67,4.56,,,0.61,,
32,Belgium,2002,15.84,35.17,30.99,4.69,2.24,,,0.34,,
33,France,2002,10.26,26.27,21.61,3.02,1.27,,,0.50,,
34,Spain,2002,41.67,48.82,41.97,6.96,8.39,,,0.39,,
36,Hungary,2002,9.67,53.25,16.58,5.88,5.48,,,0.50,,
39,Italy,2002,40.47,39.00,29.29,9.40,3.63,,,0.52,,
41,Switzerland,2002,33.85,48.52,25.08,8.42,6.82,,,0.51,,
44,"United Kingdom",2002,27.19,45.50,32.64,4.23,5.48,,,0.42,,
45,Denmark,2002,50.83,36.77,24.69,6.24,5.52,,,0.48,,
46,Sweden,2002,44.91,42.73,29.96,12.52,6.76,,,0.48,,
47,Norway,2002,44.01,42.16,25.83,8.73,6.27,,,0.36,,
48,Poland,2002,8.02,22.22,24.42,2.19,2.00,,,0.69,,
49,Germany,2002,20.46,35.20,37.12,4.55,4.83,,,0.49,,
52,Mexico,2002,50.87,61.18,16.01,23.17,1.49,,,0.70,,
54,Argentina,2002,20.67,66.83,36.04,10.78,10.78,,,0.69,,
55,Brazil,2002,41.42,54.97,31.68,36.71,7.76,,,0.70,,
56,Chile,2002,31.36,57.15,25.38,34.19,6.79,,,0.43,,
61,Australia,2002,34.17,50.71,32.30,7.85,7.71,,,0.48,,
64,"New Zealand",2002,51.22,63.37,29.99,14.24,11.02,,,0.60,,
65,Singapore,2002,16.65,26.57,40.11,9.10,3.12,,,0.29,,
66,Thailand,2002,21.92,40.07,35.77,16.55,13.28,,,0.95,,
81,Japan,2002,5.25,10.62,28.59,0.86,6.81,,,0.18,,
82,"South Korea",2002,14.74,31.41,44.79,19.73,10.19,,,0.42,,
86,China,2002,26.98,35.86,36.92,27.55,10.58,,,0.76,,
91,India,2002,42.40,41.90,26.59,30.01,12.15,,,0.63,,
101,Canada,2002,35.47,56.69,28.12,6.88,6.49,,,0.51,,
353,Ireland,2002,38.54,49.54,29.98,7.44,7.95,,,0.45,,
354,Iceland,2002,42.35,46.16,39.22,13.46,10.44,,,0.53,,
358,Finland,2002,51.23,39.00,28.20,5.00,8.53,,,0.63,,
385,Croatia,2002,17.19,39.57,26.75,6.00,2.17,,,0.34,,
386,Slovenia,2002,29.81,44.34,26.36,9.05,6.69,,,0.45,,
852,"Hong Kong",2002,20.35,23.09,39.66,6.37,2.59,,,0.51,,
886,Taiwan,2002,15.50,31.06,43.42,16.18,8.34,,,0.64,,
972,Israel,2002,25.69,47.41,37.55,14.43,5.66,,,0.28,,
1,"United States",2001,34.89,60.59,21.37,,5.83,,,0.68,,
27,"South Africa",2001,19.70,30.38,36.27,,0.83,,,0.52,,
31,Netherlands,2001,42.49,36.52,27.31,,3.75,,,0.50,,
32,Belgium,2001,19.96,30.32,37.87,,3.02,,,0.51,,
33,France,2001,6.89,20.01,28.71,,1.62,,,0.43,,
34,Spain,2001,48.46,48.65,36.22,,4.72,,,0.71,,
36,Hungary,2001,8.63,55.30,10.44,,5.90,,,0.57,,
39,Italy,2001,47.85,33.36,28.00,,3.60,,,0.97,,
44,"United Kingdom",2001,23.00,45.96,33.24,,3.35,,,0.39,,
45,Denmark,2001,45.78,40.81,23.72,,4.25,,,0.43,,
46,Sweden,2001,42.34,44.41,31.19,,5.65,,,0.59,,
47,Norway,2001,58.75,36.43,28.88,,6.51,,,0.45,,
48,Poland,2001,13.97,38.57,44.28,,4.75,,,0.65,,
49,Germany,2001,23.65,30.11,41.75,,4.18,,,0.44,,
52,Mexico,2001,40.21,50.18,25.77,,5.83,,,0.51,,
54,Argentina,2001,19.83,54.80,37.17,,3.92,,,0.38,,
55,Brazil,2001,40.60,54.28,32.14,,3.79,,,0.62,,
61,Australia,2001,31.27,59.66,38.18,,27.96,,,0.48,,
64,"New Zealand",2001,49.01,66.26,25.61,,12.84,,,0.76,,
65,Singapore,2001,17.46,24.56,45.07,,5.43,,,0.39,,
81,Japan,2001,6.95,10.98,22.37,,5.07,,,0.46,,
82,"South Korea",2001,12.24,28.55,43.55,,10.47,,,0.42,,
91,India,2001,30.93,39.85,33.17,,8.76,,,0.31,,
101,Canada,2001,34.54,53.03,26.89,,3.89,,,0.63,,
351,Portugal,2001,22.28,41.70,31.32,,4.71,,,0.39,,
353,Ireland,2001,34.26,46.28,40.14,,4.52,,,0.43,,
358,Finland,2001,54.91,37.61,35.17,,7.46,,,0.54,,
972,Israel,2001,17.98,35.64,33.19,,,,,0.28,,
